html,img_count,actual_astc_canvas_count,link_count,missing_local_count,missing_sample
01_summary.html,3,0,19,0,
02_update_history.html,2,0,20,0,
03_system_evolution.html,2,0,20,0,
04_package_engine.html,1,0,20,0,
05_resource_gallery.html,1,60,82,0,
06_iap.html,1,19,39,0,
07_rv.html,1,12,32,0,
08_trigger_funnel.html,2,4,24,0,
09_worker_hr.html,1,17,37,0,
10_secretary.html,1,15,35,0,
11_worldmap_liveops.html,2,18,38,0,
12_hidden_future.html,1,0,20,0,
13_remoteconfig_ads.html,1,0,20,0,
14_design_review.html,1,0,20,0,
15_analysis_limits.html,1,0,30,0,
index.html,2,0,37,0,
resource_browser.html,1,469,488,0,
