texture_name,raw_asset_file,width,height,unity_format,decoded_format,payload_size,output_file
Icn_10102,0092db1540ed34667b8c8c63ce16ee3b,128,128,51,ASTC 8x8,4096,astc_all/Icn_10102__0092db1540ed34667b8c8c63ce16ee3b__128x128__ASTC_8x8.astc
TN_Combo,023cf232d8a764489ac658008c96531e,64,64,50,ASTC 6x6,1936,astc_all/TN_Combo__023cf232d8a764489ac658008c96531e__64x64__ASTC_6x6.astc
Icn_10205,036f357c9b5b2480aa2d38d5675e06a5,128,128,51,ASTC 8x8,4096,astc_all/Icn_10205__036f357c9b5b2480aa2d38d5675e06a5__128x128__ASTC_8x8.astc
ICN_NorthAmerica_Select,04327aadf84b646d7b97e8e28f3a61b5,64,64,50,ASTC 6x6,1936,astc_all/ICN_NorthAmerica_Select__04327aadf84b646d7b97e8e28f3a61b5__64x64__ASTC_6x6.astc
TN_Worker_05,046d3919b22354007bc5cce690a3da56,512,512,50,ASTC 6x6,118336,astc_all/TN_Worker_05__046d3919b22354007bc5cce690a3da56__512x512__ASTC_6x6.astc
ICN_SouthAmerica_Unselect,04812b65409264cda85d559ec0eede3a,64,64,50,ASTC 6x6,1936,astc_all/ICN_SouthAmerica_Unselect__04812b65409264cda85d559ec0eede3a__64x64__ASTC_6x6.astc
TN_Ingot_Diamond,04a204bbffde34ecbb0fe7aface38003,64,64,50,ASTC 6x6,1936,astc_all/TN_Ingot_Diamond__04a204bbffde34ecbb0fe7aface38003__64x64__ASTC_6x6.astc
TN_Ingot_Silver,051f957ce27e745049e812db128ee412,64,64,50,ASTC 6x6,1936,astc_all/TN_Ingot_Silver__051f957ce27e745049e812db128ee412__64x64__ASTC_6x6.astc
TN_Gear_02,05aa0e567350746e481610f56b73676d,256,256,50,ASTC 6x6,29584,astc_all/TN_Gear_02__05aa0e567350746e481610f56b73676d__256x256__ASTC_6x6.astc
Icn_Carry_Black02,05cf26456027c4c568ae111792132611,70,70,50,ASTC 6x6,2304,astc_all/Icn_Carry_Black02__05cf26456027c4c568ae111792132611__70x70__ASTC_6x6.astc
ICN_Secre_05,05d2ca4c8268d41fea40f0b603e0a705,128,128,50,ASTC 6x6,7744,astc_all/ICN_Secre_05__05d2ca4c8268d41fea40f0b603e0a705__128x128__ASTC_6x6.astc
Icn_40504,062edd9e76b2a47b09e1c7e1bc8be5eb,128,128,51,ASTC 8x8,4096,astc_all/Icn_40504__062edd9e76b2a47b09e1c7e1bc8be5eb__128x128__ASTC_8x8.astc
Img_Txt_Portuguese,0682624e5b795400d965a190287b810b,128,32,50,ASTC 6x6,2112,astc_all/Img_Txt_Portuguese__0682624e5b795400d965a190287b810b__128x32__ASTC_6x6.astc
ICN_Clock_1,06cfe1de4b3ea4ec993a3d625908f449,18,7,50,ASTC 6x6,96,astc_all/ICN_Clock_1__06cfe1de4b3ea4ec993a3d625908f449__18x7__ASTC_6x6.astc
TN_Ingot_Yooperlite,07232ae9d49ba4d1391e062332b321e9,64,64,50,ASTC 6x6,1936,astc_all/TN_Ingot_Yooperlite__07232ae9d49ba4d1391e062332b321e9__64x64__ASTC_6x6.astc
TN_Ore_Dunite,0753ebbe7ce724fe59eeb415e49836ed,256,256,50,ASTC 6x6,29584,astc_all/TN_Ore_Dunite__0753ebbe7ce724fe59eeb415e49836ed__256x256__ASTC_6x6.astc
TN_Ingot_Granite,07f2f520f5e4346998ae9aa38f0f8b1c,64,64,50,ASTC 6x6,1936,astc_all/TN_Ingot_Granite__07f2f520f5e4346998ae9aa38f0f8b1c__64x64__ASTC_6x6.astc
ICN_EngineOverheat,07fae683719574350a69e6ceaeee7832,64,64,50,ASTC 6x6,1936,astc_all/ICN_EngineOverheat__07fae683719574350a69e6ceaeee7832__64x64__ASTC_6x6.astc
ICN_HydraulicBreaker,08482221f101f4a82a9f8b7b5856387e,256,256,50,ASTC 6x6,29584,astc_all/ICN_HydraulicBreaker__08482221f101f4a82a9f8b7b5856387e__256x256__ASTC_6x6.astc
Icn_90104,092800730b3f04f798bbda3a30975091,128,128,51,ASTC 8x8,4096,astc_all/Icn_90104__092800730b3f04f798bbda3a30975091__128x128__ASTC_8x8.astc
TN_Ingot_Bronzite,098c63d5efa344495a1ecbccc2f276b2,64,64,50,ASTC 6x6,1936,astc_all/TN_Ingot_Bronzite__098c63d5efa344495a1ecbccc2f276b2__64x64__ASTC_6x6.astc
TN_Worker_10_Small,09906d567dad448aea3e3edc3238114d,128,128,50,ASTC 6x6,7744,astc_all/TN_Worker_10_Small__09906d567dad448aea3e3edc3238114d__128x128__ASTC_6x6.astc
Icn_Land,09e5dc2cc1a9e41aab33375a36cdef5f,64,64,50,ASTC 6x6,1936,astc_all/Icn_Land__09e5dc2cc1a9e41aab33375a36cdef5f__64x64__ASTC_6x6.astc
Icn_20002,0a2ce2411a18744079d4aa1a5572d79d,128,128,51,ASTC 8x8,4096,astc_all/Icn_20002__0a2ce2411a18744079d4aa1a5572d79d__128x128__ASTC_8x8.astc
ICN_IronWill,0a8477163552c4eeda3653d889f40cb1,64,64,50,ASTC 6x6,1936,astc_all/ICN_IronWill__0a8477163552c4eeda3653d889f40cb1__64x64__ASTC_6x6.astc
Img_Stage,0adda8e4015b14044a337c762520f7c9,200,128,50,ASTC 6x6,11968,astc_all/Img_Stage__0adda8e4015b14044a337c762520f7c9__200x128__ASTC_6x6.astc
TN_Money_03,0b30fa14ac33142d98f03fb173272c10,256,256,50,ASTC 6x6,29584,astc_all/TN_Money_03__0b30fa14ac33142d98f03fb173272c10__256x256__ASTC_6x6.astc
ICN_Secre_13,0bd63877276d142a98d79deeae22ddb5,128,128,50,ASTC 6x6,7744,astc_all/ICN_Secre_13__0bd63877276d142a98d79deeae22ddb5__128x128__ASTC_6x6.astc
Icn_ThumbsUp,0bd7be8586f1a47d280cda761752a163,32,32,50,ASTC 6x6,576,astc_all/Icn_ThumbsUp__0bd7be8586f1a47d280cda761752a163__32x32__ASTC_6x6.astc
Icn_Arrow_Soft_Gradation,0c330e05ff1a34bf19ecdaac0beb41b2,128,64,50,ASTC 6x6,3872,astc_all/Icn_Arrow_Soft_Gradation__0c330e05ff1a34bf19ecdaac0beb41b2__128x64__ASTC_6x6.astc
TN_Ingot_Opal,0c8d1b62e1b1b4c4482d40704524518a,64,64,50,ASTC 6x6,1936,astc_all/TN_Ingot_Opal__0c8d1b62e1b1b4c4482d40704524518a__64x64__ASTC_6x6.astc
TN_Jem_05,0d088a758f8a24bc5abbd8a6a91ac305,256,256,50,ASTC 6x6,29584,astc_all/TN_Jem_05__0d088a758f8a24bc5abbd8a6a91ac305__256x256__ASTC_6x6.astc
ICN_AltitudeSickness,0d2ede42ee9e84f91bd52dee9c8a6162,64,64,50,ASTC 6x6,1936,astc_all/ICN_AltitudeSickness__0d2ede42ee9e84f91bd52dee9c8a6162__64x64__ASTC_6x6.astc
Icn_Piece_Epic_Random,0f6a0375656c54b2cb95a16effba46c6,128,128,50,ASTC 6x6,7744,astc_all/Icn_Piece_Epic_Random__0f6a0375656c54b2cb95a16effba46c6__128x128__ASTC_6x6.astc
Icn_Gear,101f5beaab7604ebb858a920131cf028,128,128,50,ASTC 6x6,7744,astc_all/Icn_Gear__101f5beaab7604ebb858a920131cf028__128x128__ASTC_6x6.astc
ICN_Star_Color,11992ceeb0dfd4e76a9a311c1e75652f,32,32,50,ASTC 6x6,576,astc_all/ICN_Star_Color__11992ceeb0dfd4e76a9a311c1e75652f__32x32__ASTC_6x6.astc
Icn_30105,11ecdfddbcf0a40509d139edeaab8d73,128,128,51,ASTC 8x8,4096,astc_all/Icn_30105__11ecdfddbcf0a40509d139edeaab8d73__128x128__ASTC_8x8.astc
TN_Furnace,12c03d170d76efe41bf11ca589f53515,256,256,50,ASTC 6x6,29584,astc_all/TN_Furnace__12c03d170d76efe41bf11ca589f53515__256x256__ASTC_6x6.astc
ICN_Secre_11,149cccedefea642e69e8ec3dd96c5de6,128,128,50,ASTC 6x6,7744,astc_all/ICN_Secre_11__149cccedefea642e69e8ec3dd96c5de6__128x128__ASTC_6x6.astc
TN_Skin_Amethyst,14a232d156d414ee29f045adc3cf5ccc,64,64,50,ASTC 6x6,1936,astc_all/TN_Skin_Amethyst__14a232d156d414ee29f045adc3cf5ccc__64x64__ASTC_6x6.astc
TN_Truck,14c1cbe4c2eda4eb191c0ed85b9aa32e,512,512,50,ASTC 6x6,118336,astc_all/TN_Truck__14c1cbe4c2eda4eb191c0ed85b9aa32e__512x512__ASTC_6x6.astc
TN_Skin_Quartz,14f9cb165cffa47388b3230eeccaa099,64,64,50,ASTC 6x6,1936,astc_all/TN_Skin_Quartz__14f9cb165cffa47388b3230eeccaa099__64x64__ASTC_6x6.astc
ICN_RollerCrusher,158f53ab89ea249a5b4468a847225e69,256,256,50,ASTC 6x6,29584,astc_all/ICN_RollerCrusher__158f53ab89ea249a5b4468a847225e69__256x256__ASTC_6x6.astc
Icn_Shop_V01,15a70a877abe44db797784fbc4bf6630,64,64,50,ASTC 6x6,1936,astc_all/Icn_Shop_V01__15a70a877abe44db797784fbc4bf6630__64x64__ASTC_6x6.astc
Img_Txt_German,15c91bc9af5654372bc7b2d771bf18af,128,32,50,ASTC 6x6,2112,astc_all/Img_Txt_German__15c91bc9af5654372bc7b2d771bf18af__128x32__ASTC_6x6.astc
Icn_Arrow,160e9d1f79c2d014c8c86ef9d7de6c6a,16,16,50,ASTC 6x6,144,astc_all/Icn_Arrow__160e9d1f79c2d014c8c86ef9d7de6c6a__16x16__ASTC_6x6.astc
Icn_40103,16cc8cd11851343b6af74a886ee19cfc,128,128,51,ASTC 8x8,4096,astc_all/Icn_40103__16cc8cd11851343b6af74a886ee19cfc__128x128__ASTC_8x8.astc
Img_Company_Chains_R,16ec8448b2e28409887fe9e47410cc8d,64,64,50,ASTC 6x6,1936,astc_all/Img_Company_Chains_R__16ec8448b2e28409887fe9e47410cc8d__64x64__ASTC_6x6.astc
TN_Secre_Whole_06,176bb83284cee4da1ad72f464448e7f1,512,1024,48,ASTC 4x4,524288,astc_all/TN_Secre_Whole_06__176bb83284cee4da1ad72f464448e7f1__512x1024__ASTC_4x4.astc
TN_Money_02,17f7c75733fe849239d798500b8ed1e0,256,256,50,ASTC 6x6,29584,astc_all/TN_Money_02__17f7c75733fe849239d798500b8ed1e0__256x256__ASTC_6x6.astc
ICN_Secre_03,1931a1af0046c42b295bbade3bf09cf9,128,128,50,ASTC 6x6,7744,astc_all/ICN_Secre_03__1931a1af0046c42b295bbade3bf09cf9__128x128__ASTC_6x6.astc
TN_NoAds_Badge,19d37920fa4e040bd83885e78f0d26ad,128,128,50,ASTC 6x6,7744,astc_all/TN_NoAds_Badge__19d37920fa4e040bd83885e78f0d26ad__128x128__ASTC_6x6.astc
Icn_Mining_Black02,19ea2e0d717d94ba6a9940a7f0f86057,70,70,50,ASTC 6x6,2304,astc_all/Icn_Mining_Black02__19ea2e0d717d94ba6a9940a7f0f86057__70x70__ASTC_6x6.astc
TN_Skin_Obsidian,1a3b602af450747d5925d5fc4d4a9de2,64,64,50,ASTC 6x6,1936,astc_all/TN_Skin_Obsidian__1a3b602af450747d5925d5fc4d4a9de2__64x64__ASTC_6x6.astc
Icn_Mining_Gray,1a60555ad4b9c41cb90fceb3f49f097c,32,32,50,ASTC 6x6,576,astc_all/Icn_Mining_Gray__1a60555ad4b9c41cb90fceb3f49f097c__32x32__ASTC_6x6.astc
Icn_Piece_Common_Bg,1a6997f01a1f64c8d95ca0ae5de4874e,128,128,50,ASTC 6x6,7744,astc_all/Icn_Piece_Common_Bg__1a6997f01a1f64c8d95ca0ae5de4874e__128x128__ASTC_6x6.astc
ICN_Secre_02,1acb20b5c2c834fa4b861b19b4318ea7,128,128,50,ASTC 6x6,7744,astc_all/ICN_Secre_02__1acb20b5c2c834fa4b861b19b4318ea7__128x128__ASTC_6x6.astc
Icn_Carry_CAP,1bddba21360e54dffb5db67b1bc9403c,58,64,50,ASTC 6x6,1760,astc_all/Icn_Carry_CAP__1bddba21360e54dffb5db67b1bc9403c__58x64__ASTC_6x6.astc
ICN_Change,1c66eaa9cdbd34d8698d5115242808c1,32,32,50,ASTC 6x6,576,astc_all/ICN_Change__1c66eaa9cdbd34d8698d5115242808c1__32x32__ASTC_6x6.astc
TN_Secre_Whole_07,1c9b02be99d984691b74070498f219b2,512,1024,48,ASTC 4x4,524288,astc_all/TN_Secre_Whole_07__1c9b02be99d984691b74070498f219b2__512x1024__ASTC_4x4.astc
Img_Txt_Russian,1d0d914723a5c4b8580b9504291488a6,128,32,50,ASTC 6x6,2112,astc_all/Img_Txt_Russian__1d0d914723a5c4b8580b9504291488a6__128x32__ASTC_6x6.astc
TN_RollerCrusher,1d1bc50e68f7942478198883805572e7,256,256,50,ASTC 6x6,29584,astc_all/TN_RollerCrusher__1d1bc50e68f7942478198883805572e7__256x256__ASTC_6x6.astc
TN_AdTicket_02,1d7fd65c10ad343cab15e9c2833e7f04,256,256,50,ASTC 6x6,29584,astc_all/TN_AdTicket_02__1d7fd65c10ad343cab15e9c2833e7f04__256x256__ASTC_6x6.astc
TN_WoodCarrier,1ddcd6104782a4482a66933c08e3f428,256,256,50,ASTC 6x6,29584,astc_all/TN_WoodCarrier__1ddcd6104782a4482a66933c08e3f428__256x256__ASTC_6x6.astc
Icn_Dynamite,1e6cd4ccded5f446f8f400395bcb2773,128,128,50,ASTC 6x6,7744,astc_all/Icn_Dynamite__1e6cd4ccded5f446f8f400395bcb2773__128x128__ASTC_6x6.astc
ICN_Europe_Unselect,1ea8ba958ee534babb3cf360a1fea6d5,64,64,50,ASTC 6x6,1936,astc_all/ICN_Europe_Unselect__1ea8ba958ee534babb3cf360a1fea6d5__64x64__ASTC_6x6.astc
ICN_Clock_Body,1eff07436436c4891b3f45e8aa691db3,64,64,50,ASTC 6x6,1936,astc_all/ICN_Clock_Body__1eff07436436c4891b3f45e8aa691db3__64x64__ASTC_6x6.astc
TN_Worker_02_Small,1f4dda987a8734fcb9b616ddb5828147,128,128,50,ASTC 6x6,7744,astc_all/TN_Worker_02_Small__1f4dda987a8734fcb9b616ddb5828147__128x128__ASTC_6x6.astc
Icn_Restore,1f827ef538edb474e82e6fc89837028d,64,64,50,ASTC 6x6,1936,astc_all/Icn_Restore__1f827ef538edb474e82e6fc89837028d__64x64__ASTC_6x6.astc
Icn_30302,1f9e185eee7ed451e8ffbe7a40dcf84e,128,128,51,ASTC 8x8,4096,astc_all/Icn_30302__1f9e185eee7ed451e8ffbe7a40dcf84e__128x128__ASTC_8x8.astc
TN_Ingot_Gold,1fa6b0c6a24564988becb6b962004f99,64,64,50,ASTC 6x6,1936,astc_all/TN_Ingot_Gold__1fa6b0c6a24564988becb6b962004f99__64x64__ASTC_6x6.astc
Img_Txt_Turkish,2072b6cced07f4cb7bc80d422bbc7b2c,128,32,50,ASTC 6x6,2112,astc_all/Img_Txt_Turkish__2072b6cced07f4cb7bc80d422bbc7b2c__128x32__ASTC_6x6.astc
ICN_Magnifying,2136415f414904746925712d9a37b1f8,76,76,50,ASTC 6x6,2704,astc_all/ICN_Magnifying__2136415f414904746925712d9a37b1f8__76x76__ASTC_6x6.astc
TN_Ingot_Quartz,2144aa950062746bfbeb9950bea6315f,64,64,50,ASTC 6x6,1936,astc_all/TN_Ingot_Quartz__2144aa950062746bfbeb9950bea6315f__64x64__ASTC_6x6.astc
Icn_50109,214f65b8bf9e4401cbaf7b36b719badc,128,128,51,ASTC 8x8,4096,astc_all/Icn_50109__214f65b8bf9e4401cbaf7b36b719badc__128x128__ASTC_8x8.astc
Img_Clip,2177d51f21a4741da8c02b79a6a40427,128,128,50,ASTC 6x6,7744,astc_all/Img_Clip__2177d51f21a4741da8c02b79a6a40427__128x128__ASTC_6x6.astc
Img_Event_Reward_Tail_Glow,21858acf516b34b2dbd37ed56697fa15,36,22,4,RGBA32,3168,decoded_direct/Img_Event_Reward_Tail_Glow__21858acf516b34b2dbd37ed56697fa15.png
Icn_Piece_Rare_Bg,2185f0c03a9c046069d87afd7b1c38d7,128,128,50,ASTC 6x6,7744,astc_all/Icn_Piece_Rare_Bg__2185f0c03a9c046069d87afd7b1c38d7__128x128__ASTC_6x6.astc
ICN_Oceania_Unselect,223e1d1bf829f47d5a02dd9f4dd34b75,64,64,50,ASTC 6x6,1936,astc_all/ICN_Oceania_Unselect__223e1d1bf829f47d5a02dd9f4dd34b75__64x64__ASTC_6x6.astc
ICN_UnstableGround,235c11616dbb64efc9599acc1f46033f,64,64,50,ASTC 6x6,1936,astc_all/ICN_UnstableGround__235c11616dbb64efc9599acc1f46033f__64x64__ASTC_6x6.astc
TN_Ingot_Iron,247efb1c7d7804d63a67de6aec539ff1,64,64,50,ASTC 6x6,1936,astc_all/TN_Ingot_Iron__247efb1c7d7804d63a67de6aec539ff1__64x64__ASTC_6x6.astc
TN_Ore_Amber,24edadb15697641f7a2d3ef6ac797e50,256,256,50,ASTC 6x6,29584,astc_all/TN_Ore_Amber__24edadb15697641f7a2d3ef6ac797e50__256x256__ASTC_6x6.astc
TN_AdTicket_01,2528b0a3b837046028baf67d24cfa793,256,256,50,ASTC 6x6,29584,astc_all/TN_AdTicket_01__2528b0a3b837046028baf67d24cfa793__256x256__ASTC_6x6.astc
TN_Worker_11_Small,253660920b6c142f6ac6a2ae7a00e849,128,128,50,ASTC 6x6,7744,astc_all/TN_Worker_11_Small__253660920b6c142f6ac6a2ae7a00e849__128x128__ASTC_6x6.astc
Icn_40501,253bad7f4f3e94c4abba9aa7498e83a2,128,128,51,ASTC 8x8,4096,astc_all/Icn_40501__253bad7f4f3e94c4abba9aa7498e83a2__128x128__ASTC_8x8.astc
TN_Bond_01,2584b1420f7bd4c4c90772787a74cc00,256,256,50,ASTC 6x6,29584,astc_all/TN_Bond_01__2584b1420f7bd4c4c90772787a74cc00__256x256__ASTC_6x6.astc
TN_Ore_Opal,26c788b11358c48629bba5ab6de49b0b,256,256,50,ASTC 6x6,29584,astc_all/TN_Ore_Opal__26c788b11358c48629bba5ab6de49b0b__256x256__ASTC_6x6.astc
Icn_ExpressDelivery,280d3bcdf9240453da7279b45f41b6da,64,64,50,ASTC 6x6,1936,astc_all/Icn_ExpressDelivery__280d3bcdf9240453da7279b45f41b6da__64x64__ASTC_6x6.astc
TN_Skin_Emerald,2902aefc37b3945e999083a125c9f61d,64,64,50,ASTC 6x6,1936,astc_all/TN_Skin_Emerald__2902aefc37b3945e999083a125c9f61d__64x64__ASTC_6x6.astc
Img_Debuff,29d23fdebbf89487cbc117a88bcb3492,128,128,50,ASTC 6x6,7744,astc_all/Img_Debuff__29d23fdebbf89487cbc117a88bcb3492__128x128__ASTC_6x6.astc
ICN_Secre_01,2a1a8003efa5848db9a598dba9d022a9,128,128,50,ASTC 6x6,7744,astc_all/ICN_Secre_01__2a1a8003efa5848db9a598dba9d022a9__128x128__ASTC_6x6.astc
Icn_40301,2aafbd6462f834e0897866432f9d0b2c,128,128,51,ASTC 8x8,4096,astc_all/Icn_40301__2aafbd6462f834e0897866432f9d0b2c__128x128__ASTC_8x8.astc
Img_Box_Yellow_Dimed,2b169f9bcd3ba451f9388f8d4930b803,128,128,50,ASTC 6x6,7744,astc_all/Img_Box_Yellow_Dimed__2b169f9bcd3ba451f9388f8d4930b803__128x128__ASTC_6x6.astc
Icn_Company_V01,2c1bfd462e6444329b9084fe89df1c55,64,64,50,ASTC 6x6,1936,astc_all/Icn_Company_V01__2c1bfd462e6444329b9084fe89df1c55__64x64__ASTC_6x6.astc
Icn_10002,2de507aae5d864e729f48586f71d40c4,128,128,51,ASTC 8x8,4096,astc_all/Icn_10002__2de507aae5d864e729f48586f71d40c4__128x128__ASTC_8x8.astc
TN_Secre_Whole_02,2e547cccaba104cbc893f4f01936bfd9,512,1024,48,ASTC 4x4,524288,astc_all/TN_Secre_Whole_02__2e547cccaba104cbc893f4f01936bfd9__512x1024__ASTC_4x4.astc
TN_Skin_Basalt,2e744e76806aa419ebed8ddc14b55597,64,64,50,ASTC 6x6,1936,astc_all/TN_Skin_Basalt__2e744e76806aa419ebed8ddc14b55597__64x64__ASTC_6x6.astc
ICN_NoRentals,2ea8dcfc6a4524e8d8a56275b51fcfef,64,64,50,ASTC 6x6,1936,astc_all/ICN_NoRentals__2ea8dcfc6a4524e8d8a56275b51fcfef__64x64__ASTC_6x6.astc
TN_Secre_Whole_00,303576251aa5349eebb96f9b701a1cd8,512,1024,48,ASTC 4x4,524288,astc_all/TN_Secre_Whole_00__303576251aa5349eebb96f9b701a1cd8__512x1024__ASTC_4x4.astc
Icn_40202,309e8cffdbb4a4c458970340b3b5a55d,128,128,51,ASTC 8x8,4096,astc_all/Icn_40202__309e8cffdbb4a4c458970340b3b5a55d__128x128__ASTC_8x8.astc
ICN_WheelBarrow,31bccf9212fae463c95ba625056b8a70,256,256,50,ASTC 6x6,29584,astc_all/ICN_WheelBarrow__31bccf9212fae463c95ba625056b8a70__256x256__ASTC_6x6.astc
TN_Ingot_Dunite,31c6701999c214665b17655f8ef836c1,64,64,50,ASTC 6x6,1936,astc_all/TN_Ingot_Dunite__31c6701999c214665b17655f8ef836c1__64x64__ASTC_6x6.astc
Img_Reward,31ff20b1413f546be82b7028fd68424a,427,256,50,ASTC 6x6,49536,astc_all/Img_Reward__31ff20b1413f546be82b7028fd68424a__427x256__ASTC_6x6.astc
TN_AD_Furnace,3411d64c2728146afaae9a0909f62156,256,256,50,ASTC 6x6,29584,astc_all/TN_AD_Furnace__3411d64c2728146afaae9a0909f62156__256x256__ASTC_6x6.astc
ICN_Secretariat_04,34d211772ab9742eaba426caad4018ba,128,128,50,ASTC 6x6,7744,astc_all/ICN_Secretariat_04__34d211772ab9742eaba426caad4018ba__128x128__ASTC_6x6.astc
TN_Ore_Quartz,34ecedcb5351e418d972d6062bcb9001,256,256,50,ASTC 6x6,29584,astc_all/TN_Ore_Quartz__34ecedcb5351e418d972d6062bcb9001__256x256__ASTC_6x6.astc
Icn_ContactUs,35ac324af368d4961a57a042700d26f8,64,64,50,ASTC 6x6,1936,astc_all/Icn_ContactUs__35ac324af368d4961a57a042700d26f8__64x64__ASTC_6x6.astc
TN_Secre_Whole_04,36c0f0da16b5348e59963168cf12cf7d,512,1024,48,ASTC 4x4,524288,astc_all/TN_Secre_Whole_04__36c0f0da16b5348e59963168cf12cf7d__512x1024__ASTC_4x4.astc
TN_Ore_Granite,37ed8f190d5b84e79b67f00afb2c96f7,256,256,50,ASTC 6x6,29584,astc_all/TN_Ore_Granite__37ed8f190d5b84e79b67f00afb2c96f7__256x256__ASTC_6x6.astc
ICN_RedDot,390c3acacfcde47e4a85c7f18cb3e32b,32,32,50,ASTC 6x6,576,astc_all/ICN_RedDot__390c3acacfcde47e4a85c7f18cb3e32b__32x32__ASTC_6x6.astc
TN_WheelLoader,39e44d594230d4a7a83a84b0422acdac,256,256,50,ASTC 6x6,29584,astc_all/TN_WheelLoader__39e44d594230d4a7a83a84b0422acdac__256x256__ASTC_6x6.astc
Icn_40201,3b10712dfd2fb408bbbbda005768e588,128,128,51,ASTC 8x8,4096,astc_all/Icn_40201__3b10712dfd2fb408bbbbda005768e588__128x128__ASTC_8x8.astc
ICN_Star_DarkGray,3b6a0e75a99194b84a3e5ece882b7bcc,32,32,50,ASTC 6x6,576,astc_all/ICN_Star_DarkGray__3b6a0e75a99194b84a3e5ece882b7bcc__32x32__ASTC_6x6.astc
Icn_40401,3b8bb94e7d4444e8dacbef12453dd541,128,128,51,ASTC 8x8,4096,astc_all/Icn_40401__3b8bb94e7d4444e8dacbef12453dd541__128x128__ASTC_8x8.astc
TN_Worker_08_Small,3b9314d29baae444c8ce22caa5cf6172,128,128,50,ASTC 6x6,7744,astc_all/TN_Worker_08_Small__3b9314d29baae444c8ce22caa5cf6172__128x128__ASTC_6x6.astc
Img_Company_Chains_L,3bdbd3cbce37f4b2d96e7e89f57e6db3,64,64,50,ASTC 6x6,1936,astc_all/Img_Company_Chains_L__3bdbd3cbce37f4b2d96e7e89f57e6db3__64x64__ASTC_6x6.astc
Img_Onboarding,3c0b10ad7cb5947c683c32d2b2ef32d4,480,512,50,ASTC 6x6,110080,astc_all/Img_Onboarding__3c0b10ad7cb5947c683c32d2b2ef32d4__480x512__ASTC_6x6.astc
Icn_Bond,3c847752299ce496d8b5042105685f7a,128,128,50,ASTC 6x6,7744,astc_all/Icn_Bond__3c847752299ce496d8b5042105685f7a__128x128__ASTC_6x6.astc
TN_Pickax,3d31198d1619a48938bfc9e0825a494c,256,256,50,ASTC 6x6,29584,astc_all/TN_Pickax__3d31198d1619a48938bfc9e0825a494c__256x256__ASTC_6x6.astc
Img_Piece_Light,3df2a1d7032734dc9a8d9a8b9474e563,128,128,50,ASTC 6x6,7744,astc_all/Img_Piece_Light__3df2a1d7032734dc9a8d9a8b9474e563__128x128__ASTC_6x6.astc
TN_Worker_11,3e20044b2dc0f49258f650a82a556cee,512,512,50,ASTC 6x6,118336,astc_all/TN_Worker_11__3e20044b2dc0f49258f650a82a556cee__512x512__ASTC_6x6.astc
Icn_Pizza,3f214812427534f8da047345860655f9,256,256,50,ASTC 6x6,29584,astc_all/Icn_Pizza__3f214812427534f8da047345860655f9__256x256__ASTC_6x6.astc
Img_Paper,406e2543dff17480c813a5133fe47265,512,512,50,ASTC 6x6,118336,astc_all/Img_Paper__406e2543dff17480c813a5133fe47265__512x512__ASTC_6x6.astc
TN_Worker_10,4194a5ce346cf4615a51355653a549da,512,512,50,ASTC 6x6,118336,astc_all/TN_Worker_10__4194a5ce346cf4615a51355653a549da__512x512__ASTC_6x6.astc
TN_Ore_Manganese,42329f81df11c436aafd85ad3241d9d6,256,256,50,ASTC 6x6,29584,astc_all/TN_Ore_Manganese__42329f81df11c436aafd85ad3241d9d6__256x256__ASTC_6x6.astc
TN_Skin_Bismuth,425967ec2b4bb4780aaefca9e7cdc9ff,64,64,50,ASTC 6x6,1936,astc_all/TN_Skin_Bismuth__425967ec2b4bb4780aaefca9e7cdc9ff__64x64__ASTC_6x6.astc
TN_BP_03,42da49457d33f4c1ca4acf98b5e0bdbe,256,256,50,ASTC 6x6,29584,astc_all/TN_BP_03__42da49457d33f4c1ca4acf98b5e0bdbe__256x256__ASTC_6x6.astc
Icn_50108,42dee3702555c426388d2bbcec942cb0,128,128,51,ASTC 8x8,4096,astc_all/Icn_50108__42dee3702555c426388d2bbcec942cb0__128x128__ASTC_8x8.astc
Icn_Speed,42e3c6347704141f19fa14488d130641,128,128,50,ASTC 6x6,7744,astc_all/Icn_Speed__42e3c6347704141f19fa14488d130641__128x128__ASTC_6x6.astc
TN_Worker_01,4311c122a224e4cf6b88d1a7e41c60d2,512,512,50,ASTC 6x6,118336,astc_all/TN_Worker_01__4311c122a224e4cf6b88d1a7e41c60d2__512x512__ASTC_6x6.astc
TN_Ingot_Basalt,4389ac95ceb8c43d4af9e562b2d37247,64,64,50,ASTC 6x6,1936,astc_all/TN_Ingot_Basalt__4389ac95ceb8c43d4af9e562b2d37247__64x64__ASTC_6x6.astc
Icn_Mining_SPD,43edec94e91c349e799bce88304d44cc,58,64,50,ASTC 6x6,1760,astc_all/Icn_Mining_SPD__43edec94e91c349e799bce88304d44cc__58x64__ASTC_6x6.astc
Icn_BP,44dd005a7073e4cc989d23c20a15d6c5,128,128,50,ASTC 6x6,7744,astc_all/Icn_BP__44dd005a7073e4cc989d23c20a15d6c5__128x128__ASTC_6x6.astc
TN_Smelter,45b42c37e1c7349b8abfb18dbea7adf3,512,512,50,ASTC 6x6,118336,astc_all/TN_Smelter__45b42c37e1c7349b8abfb18dbea7adf3__512x512__ASTC_6x6.astc
Icn_10003,45cbb3094915b4e21a0d8a645e683e28,128,128,51,ASTC 8x8,4096,astc_all/Icn_10003__45cbb3094915b4e21a0d8a645e683e28__128x128__ASTC_8x8.astc
TN_Skin_Opal,46b415cde20634269a568837cb91e66e,64,64,50,ASTC 6x6,1936,astc_all/TN_Skin_Opal__46b415cde20634269a568837cb91e66e__64x64__ASTC_6x6.astc
Icn_40304,474de49663cb7410e86be0c72ee78fa7,128,128,51,ASTC 8x8,4096,astc_all/Icn_40304__474de49663cb7410e86be0c72ee78fa7__128x128__ASTC_8x8.astc
ICN_Mining_Black,48c01c7d92f1346d292a599212df9e58,64,64,50,ASTC 6x6,1936,astc_all/ICN_Mining_Black__48c01c7d92f1346d292a599212df9e58__64x64__ASTC_6x6.astc
ICN_Infor,48f09df361ea244dda14320b91c67ff5,23,23,50,ASTC 6x6,256,astc_all/ICN_Infor__48f09df361ea244dda14320b91c67ff5__23x23__ASTC_6x6.astc
Img_Skin_Green,493feb419f18345d984ab60a4b289e61,288,288,50,ASTC 6x6,36864,astc_all/Img_Skin_Green__493feb419f18345d984ab60a4b289e61__288x288__ASTC_6x6.astc
Img_Company_Text,494996a7e19fa41f7abc5f8b31cd7e74,391,128,50,ASTC 6x6,23232,astc_all/Img_Company_Text__494996a7e19fa41f7abc5f8b31cd7e74__391x128__ASTC_6x6.astc
Img_Txt_Japanese,4a22d45e33cd84c02a28eb17fa449a79,128,32,50,ASTC 6x6,2112,astc_all/Img_Txt_Japanese__4a22d45e33cd84c02a28eb17fa449a79__128x32__ASTC_6x6.astc
TN_Worker_03_Small,4a3c48b809b8e4a85a1fb1adaf487392,128,128,50,ASTC 6x6,7744,astc_all/TN_Worker_03_Small__4a3c48b809b8e4a85a1fb1adaf487392__128x128__ASTC_6x6.astc
Img_Green_Half,4ac4d9090da924901b78a4b8062261cc,256,128,50,ASTC 6x6,15136,astc_all/Img_Green_Half__4ac4d9090da924901b78a4b8062261cc__256x128__ASTC_6x6.astc
Icn_Carry_Orange,4adb8bee74fc6426f932b744c5be2ea2,32,32,50,ASTC 6x6,576,astc_all/Icn_Carry_Orange__4adb8bee74fc6426f932b744c5be2ea2__32x32__ASTC_6x6.astc
TN_Ingot_Copper,4c17fb1c617e246dfb8ff2d8c91e594a,64,64,50,ASTC 6x6,1936,astc_all/TN_Ingot_Copper__4c17fb1c617e246dfb8ff2d8c91e594a__64x64__ASTC_6x6.astc
Img_File_Hard,4c51daa156631434f9799344353ed487,256,128,50,ASTC 6x6,15136,astc_all/Img_File_Hard__4c51daa156631434f9799344353ed487__256x128__ASTC_6x6.astc
ICN_Check2,4dad8e4cd80654c408d82dafeb5d1ec9,64,64,50,ASTC 6x6,1936,astc_all/ICN_Check2__4dad8e4cd80654c408d82dafeb5d1ec9__64x64__ASTC_6x6.astc
ICN_Star_LightGray,4dc28bdaeb6414d398b857bca102bad4,32,32,50,ASTC 6x6,576,astc_all/ICN_Star_LightGray__4dc28bdaeb6414d398b857bca102bad4__32x32__ASTC_6x6.astc
TN_Jem_04,4ddf3384e15bd46b4a68db2d4ce6ae23,256,256,50,ASTC 6x6,29584,astc_all/TN_Jem_04__4ddf3384e15bd46b4a68db2d4ce6ae23__256x256__ASTC_6x6.astc
Icn_Quarry_V01,50927355ec0ca47dba15128d53998dc0,64,64,50,ASTC 6x6,1936,astc_all/Icn_Quarry_V01__50927355ec0ca47dba15128d53998dc0__64x64__ASTC_6x6.astc
ICN_SledgeHammer,50b959d0968694b8a9b8796030fdb4b4,256,256,50,ASTC 6x6,29584,astc_all/ICN_SledgeHammer__50b959d0968694b8a9b8796030fdb4b4__256x256__ASTC_6x6.astc
TN_DrillCrusher_Siberia,52a6e88c849d84ba29ef73cd9ec8b8a6,256,256,50,ASTC 6x6,29584,astc_all/TN_DrillCrusher_Siberia__52a6e88c849d84ba29ef73cd9ec8b8a6__256x256__ASTC_6x6.astc
Img_Seal_Approved_2,538837bb28e2d49658be89becabce753,128,128,50,ASTC 6x6,7744,astc_all/Img_Seal_Approved_2__538837bb28e2d49658be89becabce753__128x128__ASTC_6x6.astc
Img_Box_Blue_Dimed,542beb98ce9bc4168b84adadd57f0956,128,128,50,ASTC 6x6,7744,astc_all/Img_Box_Blue_Dimed__542beb98ce9bc4168b84adadd57f0956__128x128__ASTC_6x6.astc
TN_Ingot_LimeStone,553e225e0971f40f9b76127811580c41,64,64,50,ASTC 6x6,1936,astc_all/TN_Ingot_LimeStone__553e225e0971f40f9b76127811580c41__64x64__ASTC_6x6.astc
ICN_ATV,563d5542e64664e3c95ce1e31cd13eb6,256,256,50,ASTC 6x6,29584,astc_all/ICN_ATV__563d5542e64664e3c95ce1e31cd13eb6__256x256__ASTC_6x6.astc
TN_Worker_Silhouette,56b9300794d1042328073f9a8d98322f,183,198,50,ASTC 6x6,16368,astc_all/TN_Worker_Silhouette__56b9300794d1042328073f9a8d98322f__183x198__ASTC_6x6.astc
Icn_AD,56c63c97ec38c465cbde16610779fc2f,128,128,50,ASTC 6x6,7744,astc_all/Icn_AD__56c63c97ec38c465cbde16610779fc2f__128x128__ASTC_6x6.astc
ICN_Check,56f8330fdca67634a8d7d9eb1d43345d,32,25,50,ASTC 6x6,480,astc_all/ICN_Check__56f8330fdca67634a8d7d9eb1d43345d__32x25__ASTC_6x6.astc
TN_Ingot_Amber,582c2336be3a54943a98ff0baf8065fe,64,64,50,ASTC 6x6,1936,astc_all/TN_Ingot_Amber__582c2336be3a54943a98ff0baf8065fe__64x64__ASTC_6x6.astc
TN_Skin_SandStone,587999fc336d2490f804c629f4235056,64,64,50,ASTC 6x6,1936,astc_all/TN_Skin_SandStone__587999fc336d2490f804c629f4235056__64x64__ASTC_6x6.astc
Img_Company_Lock,5881d94c62feb44048f844604c7fe4d4,64,64,50,ASTC 6x6,1936,astc_all/Img_Company_Lock__5881d94c62feb44048f844604c7fe4d4__64x64__ASTC_6x6.astc
Icn_Carry_Gray02,5883b28a4cd7e4be0993806a88d701c7,32,32,50,ASTC 6x6,576,astc_all/Icn_Carry_Gray02__5883b28a4cd7e4be0993806a88d701c7__32x32__ASTC_6x6.astc
TN_Ore_Amethyst,58cca2b032a7b4e498bfa711bf77a5e3,256,256,50,ASTC 6x6,29584,astc_all/TN_Ore_Amethyst__58cca2b032a7b4e498bfa711bf77a5e3__256x256__ASTC_6x6.astc
TN_Worker_01_Small,59578ec704a564b199dc8d71c62bc8b1,128,128,50,ASTC 6x6,7744,astc_all/TN_Worker_01_Small__59578ec704a564b199dc8d71c62bc8b1__128x128__ASTC_6x6.astc
TN_Ore_Diamond,59884a0bbd00545038c1895a35430a95,256,256,50,ASTC 6x6,29584,astc_all/TN_Ore_Diamond__59884a0bbd00545038c1895a35430a95__256x256__ASTC_6x6.astc
ICN_Sort,59aeab5552d5944d398797217070ecc8,32,32,50,ASTC 6x6,576,astc_all/ICN_Sort__59aeab5552d5944d398797217070ecc8__32x32__ASTC_6x6.astc
TN_JackHammer,59ea473f7624e490ea8b3a3942fe8ce5,256,256,50,ASTC 6x6,29584,astc_all/TN_JackHammer__59ea473f7624e490ea8b3a3942fe8ce5__256x256__ASTC_6x6.astc
ICN_Clock_2,5a02f764eb60a4d589b42ced2d841d25,10,21,50,ASTC 6x6,128,astc_all/ICN_Clock_2__5a02f764eb60a4d589b42ced2d841d25__10x21__ASTC_6x6.astc
Img_Black_Half,5a9475377fc0d4edbb660db2fa3a7840,256,128,50,ASTC 6x6,15136,astc_all/Img_Black_Half__5a9475377fc0d4edbb660db2fa3a7840__256x128__ASTC_6x6.astc
TN_Skin_Ruby,5ab5cfbdfaf024429a4cde07cee01888,64,64,50,ASTC 6x6,1936,astc_all/TN_Skin_Ruby__5ab5cfbdfaf024429a4cde07cee01888__64x64__ASTC_6x6.astc
Icn_AdSkipTicket,5b4bbe5789ea94aee820b1369be3bbd6,128,128,50,ASTC 6x6,7744,astc_all/Icn_AdSkipTicket__5b4bbe5789ea94aee820b1369be3bbd6__128x128__ASTC_6x6.astc
ICN_SouthAmerica_Select,5c0639084f9c644ddab2374ff0b32920,64,64,50,ASTC 6x6,1936,astc_all/ICN_SouthAmerica_Select__5c0639084f9c644ddab2374ff0b32920__64x64__ASTC_6x6.astc
TN_Player_Small,5c3d3dba6b3d841a7b17e7bcd3e203a5,128,128,50,ASTC 6x6,7744,astc_all/TN_Player_Small__5c3d3dba6b3d841a7b17e7bcd3e203a5__128x128__ASTC_6x6.astc
Icn_20204,5c6084a97743842c0a1c411608d92423,128,128,51,ASTC 8x8,4096,astc_all/Icn_20204__5c6084a97743842c0a1c411608d92423__128x128__ASTC_8x8.astc
TN_AdTicket_04,5e4d9c0ee32614431b277d82abb1c6c3,256,256,50,ASTC 6x6,29584,astc_all/TN_AdTicket_04__5e4d9c0ee32614431b277d82abb1c6c3__256x256__ASTC_6x6.astc
ICN_Setting,5e710eb32a4b74654a7fdaf6599ff436,50,50,50,ASTC 6x6,1296,astc_all/ICN_Setting__5e710eb32a4b74654a7fdaf6599ff436__50x50__ASTC_6x6.astc
ICN_Secre_07,5ea2b7cdec1b4490a8670f9a82380e79,128,128,50,ASTC 6x6,7744,astc_all/ICN_Secre_07__5ea2b7cdec1b4490a8670f9a82380e79__128x128__ASTC_6x6.astc
ICN_Asia_Unselect,5fa2501f1c2844f07bc62dee6644fc5e,64,64,50,ASTC 6x6,1936,astc_all/ICN_Asia_Unselect__5fa2501f1c2844f07bc62dee6644fc5e__64x64__ASTC_6x6.astc
TN_Skin_Limestone,60318c2f36aca49819d976d2d4242b9f,64,64,50,ASTC 6x6,1936,astc_all/TN_Skin_Limestone__60318c2f36aca49819d976d2d4242b9f__64x64__ASTC_6x6.astc
ICN_Plus,609db22ba58c94fe0936631bc4fbcc36,24,25,50,ASTC 6x6,320,astc_all/ICN_Plus__609db22ba58c94fe0936631bc4fbcc36__24x25__ASTC_6x6.astc
TN_Ingot_Aquamarine,609f74ad9ee8949a9aa0cc448c0c8c9d,64,64,50,ASTC 6x6,1936,astc_all/TN_Ingot_Aquamarine__609f74ad9ee8949a9aa0cc448c0c8c9d__64x64__ASTC_6x6.astc
ICN_StageInfo,60bcbd42bbabd4f57b4f43fd61950c3e,38,38,50,ASTC 6x6,784,astc_all/ICN_StageInfo__60bcbd42bbabd4f57b4f43fd61950c3e__38x38__ASTC_6x6.astc
ICN_Crown,6114504829a0e4666ab316536a56f3b1,32,32,50,ASTC 6x6,576,astc_all/ICN_Crown__6114504829a0e4666ab316536a56f3b1__32x32__ASTC_6x6.astc
TN_RollerCrusher_Outline,613c68df17f3e4f889e346733bdbccb2,256,256,50,ASTC 6x6,29584,astc_all/TN_RollerCrusher_Outline__613c68df17f3e4f889e346733bdbccb2__256x256__ASTC_6x6.astc
TN_AD_Magnet,62d224e0fad814cd5972b69bca388af8,256,256,50,ASTC 6x6,29584,astc_all/TN_AD_Magnet__62d224e0fad814cd5972b69bca388af8__256x256__ASTC_6x6.astc
TN_Secre_Whole_13,62d2412cf27c0470789ac5e47730e5d1,512,1024,48,ASTC 4x4,524288,astc_all/TN_Secre_Whole_13__62d2412cf27c0470789ac5e47730e5d1__512x1024__ASTC_4x4.astc
Img_Event_Complete_Bob,6354632eca4ef42f7b9ba684f8295826,512,256,50,ASTC 6x6,59168,astc_all/Img_Event_Complete_Bob__6354632eca4ef42f7b9ba684f8295826__512x256__ASTC_6x6.astc
TN_Skin_Special_Mystery,638d83d95986346409ffa0bd4bbb647c,64,64,50,ASTC 6x6,1936,astc_all/TN_Skin_Special_Mystery__638d83d95986346409ffa0bd4bbb647c__64x64__ASTC_6x6.astc
ICN_Ambience,63e0d229b9f1c4139b4affa2c6a3616e,64,64,50,ASTC 6x6,1936,astc_all/ICN_Ambience__63e0d229b9f1c4139b4affa2c6a3616e__64x64__ASTC_6x6.astc
TN_Jem_01,64af923de673c4eeb8402cc2a9953e5e,256,256,50,ASTC 6x6,29584,astc_all/TN_Jem_01__64af923de673c4eeb8402cc2a9953e5e__256x256__ASTC_6x6.astc
ICN_NimbleExplorer,65974e788914542409a96a7753cbd5bf,64,64,50,ASTC 6x6,1936,astc_all/ICN_NimbleExplorer__65974e788914542409a96a7753cbd5bf__64x64__ASTC_6x6.astc
Icn_30307,65eb072c40dde4d85a0d5c95ede56a52,128,128,51,ASTC 8x8,4096,astc_all/Icn_30307__65eb072c40dde4d85a0d5c95ede56a52__128x128__ASTC_8x8.astc
TN_RollerCrusher_SouthAmerica,65f110481866f4b23b8000d68a0ee609,256,256,50,ASTC 6x6,29584,astc_all/TN_RollerCrusher_SouthAmerica__65f110481866f4b23b8000d68a0ee609__256x256__ASTC_6x6.astc
ICN_HeavyImpact,6664c0e4ea9674da9b8d2fcff9677366,64,64,50,ASTC 6x6,1936,astc_all/ICN_HeavyImpact__6664c0e4ea9674da9b8d2fcff9677366__64x64__ASTC_6x6.astc
ICN_Africa_Unselect,66914234384af47ec826a8e4c21998ff,64,64,50,ASTC 6x6,1936,astc_all/ICN_Africa_Unselect__66914234384af47ec826a8e4c21998ff__64x64__ASTC_6x6.astc
Icn_Mining_Gray03,66e71e6e58d154f449e53168f62a84d0,32,32,50,ASTC 6x6,576,astc_all/Icn_Mining_Gray03__66e71e6e58d154f449e53168f62a84d0__32x32__ASTC_6x6.astc
Icn_30103,6884d78c299f74dd2a104c5e0e769b3f,128,128,51,ASTC 8x8,4096,astc_all/Icn_30103__6884d78c299f74dd2a104c5e0e769b3f__128x128__ASTC_8x8.astc
Img_Event_Mining_Bob,691e1ed379bc941cb8b104a98a365148,512,339,50,ASTC 6x6,78432,astc_all/Img_Event_Mining_Bob__691e1ed379bc941cb8b104a98a365148__512x339__ASTC_6x6.astc
ICN_AD,697cc2cab73a54154a1396dd4271520b,32,32,50,ASTC 6x6,576,astc_all/ICN_AD__697cc2cab73a54154a1396dd4271520b__32x32__ASTC_6x6.astc
TN_Ingot_Amethyst,6ac18d02df8f4450b8ee62a5c7da2ce7,64,64,50,ASTC 6x6,1936,astc_all/TN_Ingot_Amethyst__6ac18d02df8f4450b8ee62a5c7da2ce7__64x64__ASTC_6x6.astc
Icn_Money,6b68c9b2a51a59e45adaf14596efdd1d,128,128,50,ASTC 6x6,7744,astc_all/Icn_Money__6b68c9b2a51a59e45adaf14596efdd1d__128x128__ASTC_6x6.astc
ICN_Event_Oceania,6c17c101bcaf74221b6cb019b79d6311,128,128,50,ASTC 6x6,7744,astc_all/ICN_Event_Oceania__6c17c101bcaf74221b6cb019b79d6311__128x128__ASTC_6x6.astc
TN_Ore_Obsidian,6c26c23ba5e2b45f689daf3756f8e872,256,256,50,ASTC 6x6,29584,astc_all/TN_Ore_Obsidian__6c26c23ba5e2b45f689daf3756f8e872__256x256__ASTC_6x6.astc
TN_Ore_Tanzanite,6c566ba3f7db2446785461928fdd5b4f,256,256,50,ASTC 6x6,29584,astc_all/TN_Ore_Tanzanite__6c566ba3f7db2446785461928fdd5b4f__256x256__ASTC_6x6.astc
ICN_Africa_Select,6c579d37f8e734ae59189e9b5cc06039,64,64,50,ASTC 6x6,1936,astc_all/ICN_Africa_Select__6c579d37f8e734ae59189e9b5cc06039__64x64__ASTC_6x6.astc
TN_Ingot_Manganese,6c98a4147389a4e94b42b3958bbd48b8,64,64,50,ASTC 6x6,1936,astc_all/TN_Ingot_Manganese__6c98a4147389a4e94b42b3958bbd48b8__64x64__ASTC_6x6.astc
Icn_10301,6cf4e269d975c4c7aa0ac8a95cfb8f64,128,128,51,ASTC 8x8,4096,astc_all/Icn_10301__6cf4e269d975c4c7aa0ac8a95cfb8f64__128x128__ASTC_8x8.astc
ICN_HomeArrow,6e03279c44a3147c6a96afa45b077736,27,29,50,ASTC 6x6,400,astc_all/ICN_HomeArrow__6e03279c44a3147c6a96afa45b077736__27x29__ASTC_6x6.astc
Icn_90102,6f6de7369ea604e68bc21bc4a2de2d08,128,128,51,ASTC 8x8,4096,astc_all/Icn_90102__6f6de7369ea604e68bc21bc4a2de2d08__128x128__ASTC_8x8.astc
ICN_EnhancedBackpack,7084df1a625b14c1bbc84297b411ec20,256,256,50,ASTC 6x6,29584,astc_all/ICN_EnhancedBackpack__7084df1a625b14c1bbc84297b411ec20__256x256__ASTC_6x6.astc
TN_Gear_03,717fb6807448049318d90e9ce1b922ba,256,256,50,ASTC 6x6,29584,astc_all/TN_Gear_03__717fb6807448049318d90e9ce1b922ba__256x256__ASTC_6x6.astc
Icn_40403,72b5a4cb7cba340a0969b99e7f9e7943,128,128,51,ASTC 8x8,4096,astc_all/Icn_40403__72b5a4cb7cba340a0969b99e7f9e7943__128x128__ASTC_8x8.astc
TN_Worker_05_Small,7374b6059996b449389e3d1ded20f472,128,128,50,ASTC 6x6,7744,astc_all/TN_Worker_05_Small__7374b6059996b449389e3d1ded20f472__128x128__ASTC_6x6.astc
TN_RP_03,73a215fa73df94569b9683f076129358,256,256,50,ASTC 6x6,29584,astc_all/TN_RP_03__73a215fa73df94569b9683f076129358__256x256__ASTC_6x6.astc
ICN_WheelLoader,7494e56ab590e4f7bb1b8644ac9cb84e,256,256,50,ASTC 6x6,29584,astc_all/ICN_WheelLoader__7494e56ab590e4f7bb1b8644ac9cb84e__256x256__ASTC_6x6.astc
Icn_50102,74c65491263d04d7e9d168863704943a,128,128,51,ASTC 8x8,4096,astc_all/Icn_50102__74c65491263d04d7e9d168863704943a__128x128__ASTC_8x8.astc
TN_Secre_Whole_05,75079bc329aef4a6295ced64d15fa903,512,1024,48,ASTC 4x4,524288,astc_all/TN_Secre_Whole_05__75079bc329aef4a6295ced64d15fa903__512x1024__ASTC_4x4.astc
TN_Skin_Copper,7605e7b244a224507893f03ec6250b66,64,64,50,ASTC 6x6,1936,astc_all/TN_Skin_Copper__7605e7b244a224507893f03ec6250b66__64x64__ASTC_6x6.astc
TN_Ingot_Coal,7667f941ef464450abcf0325d9698875,64,64,50,ASTC 6x6,1936,astc_all/TN_Ingot_Coal__7667f941ef464450abcf0325d9698875__64x64__ASTC_6x6.astc
ICN_ImpactHauler,7767e4883f9cf438d8680ef952385464,256,256,50,ASTC 6x6,29584,astc_all/ICN_ImpactHauler__7767e4883f9cf438d8680ef952385464__256x256__ASTC_6x6.astc
TN_Ore_LimeStone,784ea274f04a24fc8962f930c5c2c852,256,256,50,ASTC 6x6,29584,astc_all/TN_Ore_LimeStone__784ea274f04a24fc8962f930c5c2c852__256x256__ASTC_6x6.astc
TN_Worker_02,79503277ca8e348cdb819b68d60f7574,512,512,50,ASTC 6x6,118336,astc_all/TN_Worker_02__79503277ca8e348cdb819b68d60f7574__512x512__ASTC_6x6.astc
ICN_Carry_Black,7980855b20e0d4191bc6b2281e01903b,64,64,50,ASTC 6x6,1936,astc_all/ICN_Carry_Black__7980855b20e0d4191bc6b2281e01903b__64x64__ASTC_6x6.astc
Img_Txt_Polish,7a7e022e4f9904f8ea396f6455efd736,128,32,50,ASTC 6x6,2112,astc_all/Img_Txt_Polish__7a7e022e4f9904f8ea396f6455efd736__128x32__ASTC_6x6.astc
Icn_40101,7a8c4863ffc974109bdab9db7797658a,128,128,51,ASTC 8x8,4096,astc_all/Icn_40101__7a8c4863ffc974109bdab9db7797658a__128x128__ASTC_8x8.astc
Icn_40102,7c143706f171140bba79620e8636f327,128,128,51,ASTC 8x8,4096,astc_all/Icn_40102__7c143706f171140bba79620e8636f327__128x128__ASTC_8x8.astc
Icn_90105,7c6121204ea6b4e8f8b5596ed310e0d7,128,128,51,ASTC 8x8,4096,astc_all/Icn_90105__7c6121204ea6b4e8f8b5596ed310e0d7__128x128__ASTC_8x8.astc
Img_Txt_ChineseSimplified,7c66a4c87e2fe4ed39ae9997e8c6bb30,128,32,50,ASTC 6x6,2112,astc_all/Img_Txt_ChineseSimplified__7c66a4c87e2fe4ed39ae9997e8c6bb30__128x32__ASTC_6x6.astc
TN_Worker_03,7c6b4376933c8439e99ec6f201b81819,512,512,50,ASTC 6x6,118336,astc_all/TN_Worker_03__7c6b4376933c8439e99ec6f201b81819__512x512__ASTC_6x6.astc
TN_Secre_Whole_11,7c7d0536ec7984fbc9a258560bebc1c0,512,1024,48,ASTC 4x4,524288,astc_all/TN_Secre_Whole_11__7c7d0536ec7984fbc9a258560bebc1c0__512x1024__ASTC_4x4.astc
TN_ATV,7cefec129d9d54de7b97c08d0ed2bffd,256,256,50,ASTC 6x6,29584,astc_all/TN_ATV__7cefec129d9d54de7b97c08d0ed2bffd__256x256__ASTC_6x6.astc
TN_LargeHandDrill,7d1876c10efc0436aa258d3ca4463289,256,256,50,ASTC 6x6,29584,astc_all/TN_LargeHandDrill__7d1876c10efc0436aa258d3ca4463289__256x256__ASTC_6x6.astc
ICN_SharpEdge,7d4baebd1ffe848bfb7b5ddb08bfea29,64,64,50,ASTC 6x6,1936,astc_all/ICN_SharpEdge__7d4baebd1ffe848bfb7b5ddb08bfea29__64x64__ASTC_6x6.astc
TN_CashVault,7dd9b1565acdb4c44a783351c079f646,256,256,50,ASTC 6x6,29584,astc_all/TN_CashVault__7dd9b1565acdb4c44a783351c079f646__256x256__ASTC_6x6.astc
TN_EnhancedBackpack,7e28f9702ad444910a9001ccdcfeaccd,256,256,50,ASTC 6x6,29584,astc_all/TN_EnhancedBackpack__7e28f9702ad444910a9001ccdcfeaccd__256x256__ASTC_6x6.astc
ICN_FullThrottle,7e5e4fcc4a0ae47eb99b00007a175f58,64,64,50,ASTC 6x6,1936,astc_all/ICN_FullThrottle__7e5e4fcc4a0ae47eb99b00007a175f58__64x64__ASTC_6x6.astc
Icn_10101,7e8905cf4c39346a39acb925e281f46f,128,128,51,ASTC 8x8,4096,astc_all/Icn_10101__7e8905cf4c39346a39acb925e281f46f__128x128__ASTC_8x8.astc
Icn_30202,7eeec0417864d4e59a9d788edd43a91d,128,128,51,ASTC 8x8,4096,astc_all/Icn_30202__7eeec0417864d4e59a9d788edd43a91d__128x128__ASTC_8x8.astc
TN_Player,7f9e28d2343dc4709bd38d24d7e4bdad,512,512,50,ASTC 6x6,118336,astc_all/TN_Player__7f9e28d2343dc4709bd38d24d7e4bdad__512x512__ASTC_6x6.astc
TN_Ore_Bronzite,7ff9d2622ea024cc9bc068859cd04c8e,256,256,50,ASTC 6x6,29584,astc_all/TN_Ore_Bronzite__7ff9d2622ea024cc9bc068859cd04c8e__256x256__ASTC_6x6.astc
TN_Worker_Silhouette,81bd39bba170f449794354d3bf6a9a90,64,64,50,ASTC 6x6,1936,astc_all/TN_Worker_Silhouette__81bd39bba170f449794354d3bf6a9a90__64x64__ASTC_6x6.astc
TN_ATV_Outline,823a07044b377421fa5f5cc0d6e8bca4,256,256,50,ASTC 6x6,29584,astc_all/TN_ATV_Outline__823a07044b377421fa5f5cc0d6e8bca4__256x256__ASTC_6x6.astc
TN_Worker_06,8244a25b92a904e06ae8fab067157397,512,512,50,ASTC 6x6,118336,astc_all/TN_Worker_06__8244a25b92a904e06ae8fab067157397__512x512__ASTC_6x6.astc
Icn_10201,8287f74215cca4737b5af15869c4c141,128,128,51,ASTC 8x8,4096,astc_all/Icn_10201__8287f74215cca4737b5af15869c4c141__128x128__ASTC_8x8.astc
TN_Gear_01,82ffe44a50884404abf27e722393d79b,256,256,50,ASTC 6x6,29584,astc_all/TN_Gear_01__82ffe44a50884404abf27e722393d79b__256x256__ASTC_6x6.astc
TN_FuelTruck,8343ecc2c1100466e8b3949b5ad65cc1,256,256,50,ASTC 6x6,29584,astc_all/TN_FuelTruck__8343ecc2c1100466e8b3949b5ad65cc1__256x256__ASTC_6x6.astc
Icn_20001,8375f19c2e2054961ab5c3e7fd4d80a8,128,128,51,ASTC 8x8,4096,astc_all/Icn_20001__8375f19c2e2054961ab5c3e7fd4d80a8__128x128__ASTC_8x8.astc
Img_FrameDust,83941d6700a184eb2980b6bc16e88293,330,173,50,ASTC 6x6,25520,astc_all/Img_FrameDust__83941d6700a184eb2980b6bc16e88293__330x173__ASTC_6x6.astc
TN_ImpactHauler,83e55250842f54c488ecade0e9de6cb7,512,512,50,ASTC 6x6,118336,astc_all/TN_ImpactHauler__83e55250842f54c488ecade0e9de6cb7__512x512__ASTC_6x6.astc
ICN_Secre_06,8406efd984beb45439d77b51d5748751,128,128,50,ASTC 6x6,7744,astc_all/ICN_Secre_06__8406efd984beb45439d77b51d5748751__128x128__ASTC_6x6.astc
TN_Jem_02,8477832d1365f49dea5d1b641e3fb834,256,256,50,ASTC 6x6,29584,astc_all/TN_Jem_02__8477832d1365f49dea5d1b641e3fb834__256x256__ASTC_6x6.astc
Icn_Dynamite_Glow,85703c7a5eb1c4838ba96f29f98b7e9e,128,128,50,ASTC 6x6,7744,astc_all/Icn_Dynamite_Glow__85703c7a5eb1c4838ba96f29f98b7e9e__128x128__ASTC_6x6.astc
TN_Secre_Whole_12,85b1508374d3e4c7395fb42007b4746e,512,1024,48,ASTC 4x4,524288,astc_all/TN_Secre_Whole_12__85b1508374d3e4c7395fb42007b4746e__512x1024__ASTC_4x4.astc
TN_Skin_Iron,85cfc3eef7de04f8caee7fc726f301ae,64,64,50,ASTC 6x6,1936,astc_all/TN_Skin_Iron__85cfc3eef7de04f8caee7fc726f301ae__64x64__ASTC_6x6.astc
Icn_Oil_CAP,85ee79b92a7c2410bbdae8d30f435592,58,64,50,ASTC 6x6,1760,astc_all/Icn_Oil_CAP__85ee79b92a7c2410bbdae8d30f435592__58x64__ASTC_6x6.astc
ICN_Appoint,869582535618742caa38ce1444bc42cf,64,64,50,ASTC 6x6,1936,astc_all/ICN_Appoint__869582535618742caa38ce1444bc42cf__64x64__ASTC_6x6.astc
Img_File_VeryHard,87045bc64c2fc42cd911ceeb1199ead1,256,128,50,ASTC 6x6,15136,astc_all/Img_File_VeryHard__87045bc64c2fc42cd911ceeb1199ead1__256x128__ASTC_6x6.astc
TN_HaulTruck,87783022dc7ce40eaa76c3c16f8e299b,256,256,50,ASTC 6x6,29584,astc_all/TN_HaulTruck__87783022dc7ce40eaa76c3c16f8e299b__256x256__ASTC_6x6.astc
ICN_FuelTruck,87d61846a59fd4a558dcf6c89a10592b,256,256,50,ASTC 6x6,29584,astc_all/ICN_FuelTruck__87d61846a59fd4a558dcf6c89a10592b__256x256__ASTC_6x6.astc
Img_Txt_Korean,87dc8295ddd4348499b339444dc2ee30,128,32,50,ASTC 6x6,2112,astc_all/Img_Txt_Korean__87dc8295ddd4348499b339444dc2ee30__128x32__ASTC_6x6.astc
TN_Man,8826778eaf6cf354c8833bff25e2c2cb,256,256,50,ASTC 6x6,29584,astc_all/TN_Man__8826778eaf6cf354c8833bff25e2c2cb__256x256__ASTC_6x6.astc
TN_AD_Speed,884cd69ec29d54266bc39c690b5e8d80,256,256,50,ASTC 6x6,29584,astc_all/TN_AD_Speed__884cd69ec29d54266bc39c690b5e8d80__256x256__ASTC_6x6.astc
ICN_Oceania_Select,8907acd9b1cb84db48e0ec73e3755c7b,64,64,50,ASTC 6x6,1936,astc_all/ICN_Oceania_Select__8907acd9b1cb84db48e0ec73e3755c7b__64x64__ASTC_6x6.astc
ICN_QuickStrike,896eaae779ef24ae6a828b9a87c42861,64,64,50,ASTC 6x6,1936,astc_all/ICN_QuickStrike__896eaae779ef24ae6a828b9a87c42861__64x64__ASTC_6x6.astc
ICN_NoAds,8a28807eea2824271ac3dffbf43d33ee,128,128,50,ASTC 6x6,7744,astc_all/ICN_NoAds__8a28807eea2824271ac3dffbf43d33ee__128x128__ASTC_6x6.astc
TN_Ore_Zircon,8a714dd961e704163b4622e9c4dd7bf7,256,256,50,ASTC 6x6,29584,astc_all/TN_Ore_Zircon__8a714dd961e704163b4622e9c4dd7bf7__256x256__ASTC_6x6.astc
Icn_20206,8aa7abe1bc9224ec9b26c32277c80aaf,128,128,51,ASTC 8x8,4096,astc_all/Icn_20206__8aa7abe1bc9224ec9b26c32277c80aaf__128x128__ASTC_8x8.astc
Img_Shop_OnetimeOffer,8aaf3c183e830494296b486339187d58,128,128,50,ASTC 6x6,7744,astc_all/Img_Shop_OnetimeOffer__8aaf3c183e830494296b486339187d58__128x128__ASTC_6x6.astc
ICN_Vibration,8b41152e268764b7fbb55a0b3f93268e,64,64,50,ASTC 6x6,1936,astc_all/ICN_Vibration__8b41152e268764b7fbb55a0b3f93268e__64x64__ASTC_6x6.astc
TN_BP_01,8b56454f235104b678b9afff1b92888e,256,256,50,ASTC 6x6,29584,astc_all/TN_BP_01__8b56454f235104b678b9afff1b92888e__256x256__ASTC_6x6.astc
Img_Buff,8b5aadae16f864eb8ab307cc1b809394,128,128,50,ASTC 6x6,7744,astc_all/Img_Buff__8b5aadae16f864eb8ab307cc1b809394__128x128__ASTC_6x6.astc
Img_Confetti_All,8be34ec7b93cd4812988d9043b01a6ec,76,76,50,ASTC 6x6,2704,astc_all/Img_Confetti_All__8be34ec7b93cd4812988d9043b01a6ec__76x76__ASTC_6x6.astc
TN_GearCrate,8bed03565315d45298d5ae237626a346,256,256,50,ASTC 6x6,29584,astc_all/TN_GearCrate__8bed03565315d45298d5ae237626a346__256x256__ASTC_6x6.astc
Icn_Mining_DMG,8c1358c7eabfa4f2b8b5dd5283f1cd11,58,64,50,ASTC 6x6,1760,astc_all/Icn_Mining_DMG__8c1358c7eabfa4f2b8b5dd5283f1cd11__58x64__ASTC_6x6.astc
TN_Ore_Emerald,8c7dd0d1758b24ec3b0ed59aa2f91845,256,256,50,ASTC 6x6,29584,astc_all/TN_Ore_Emerald__8c7dd0d1758b24ec3b0ed59aa2f91845__256x256__ASTC_6x6.astc
Img_Blue_Half,8cce136b73d2f492eacefdde007a6a22,256,128,50,ASTC 6x6,15136,astc_all/Img_Blue_Half__8cce136b73d2f492eacefdde007a6a22__256x128__ASTC_6x6.astc
TN_Ingot_SandStone,8d88aaf08daee41658e4d56a5e1d89e7,64,64,50,ASTC 6x6,1936,astc_all/TN_Ingot_SandStone__8d88aaf08daee41658e4d56a5e1d89e7__64x64__ASTC_6x6.astc
Icn_30301,8d89a23921d53435db3c654e40b148cb,128,128,51,ASTC 8x8,4096,astc_all/Icn_30301__8d89a23921d53435db3c654e40b148cb__128x128__ASTC_8x8.astc
Img_Popup,8d9a7d11ac46447d68c6493f829bcdcf,275,309,50,ASTC 6x6,38272,astc_all/Img_Popup__8d9a7d11ac46447d68c6493f829bcdcf__275x309__ASTC_6x6.astc
Icn_Shop_V02,8e191574a0c6f451a9f683a264c214ec,64,64,50,ASTC 6x6,1936,astc_all/Icn_Shop_V02__8e191574a0c6f451a9f683a264c214ec__64x64__ASTC_6x6.astc
Icn_10308,8eff63acb52df4a54b4397520096f40b,128,128,51,ASTC 8x8,4096,astc_all/Icn_10308__8eff63acb52df4a54b4397520096f40b__128x128__ASTC_8x8.astc
Img_Company_Lock_unused,90b97c45ba8354a84a45845fa793cdcc,128,128,50,ASTC 6x6,7744,astc_all/Img_Company_Lock_unused__90b97c45ba8354a84a45845fa793cdcc__128x128__ASTC_6x6.astc
TN_DumpTruck,9113c734a81154a20824ecc906f3ad16,256,256,50,ASTC 6x6,29584,astc_all/TN_DumpTruck__9113c734a81154a20824ecc906f3ad16__256x256__ASTC_6x6.astc
TN_Truck,919e5bc4084ba44ffb856181fc956e12,256,256,50,ASTC 6x6,29584,astc_all/TN_Truck__919e5bc4084ba44ffb856181fc956e12__256x256__ASTC_6x6.astc
TN_Skin_Ice,92e0f67faf7fa488d97920a9a26ba315,64,64,50,ASTC 6x6,1936,astc_all/TN_Skin_Ice__92e0f67faf7fa488d97920a9a26ba315__64x64__ASTC_6x6.astc
TN_Skin_Coal,94c02e7ea41d14c45928c48fb1af241d,64,64,50,ASTC 6x6,1936,astc_all/TN_Skin_Coal__94c02e7ea41d14c45928c48fb1af241d__64x64__ASTC_6x6.astc
Icn_Inventory_V02,9601952dbee3e4e1fa66cf621c23a247,64,64,50,ASTC 6x6,1936,astc_all/Icn_Inventory_V02__9601952dbee3e4e1fa66cf621c23a247__64x64__ASTC_6x6.astc
TN_Ore_Ice,976472eea57a746ed89b5b701548e161,256,256,50,ASTC 6x6,29584,astc_all/TN_Ore_Ice__976472eea57a746ed89b5b701548e161__256x256__ASTC_6x6.astc
TN_BP_02,9774b67ab011c4cf9aec220af1ef26e0,256,256,50,ASTC 6x6,29584,astc_all/TN_BP_02__9774b67ab011c4cf9aec220af1ef26e0__256x256__ASTC_6x6.astc
Icn_10203,979561748923c44e19229dfebc5d6a71,128,128,51,ASTC 8x8,4096,astc_all/Icn_10203__979561748923c44e19229dfebc5d6a71__128x128__ASTC_8x8.astc
TN_Worker_06_Small,9cba1d484a492433cb25b31c606d1e08,128,128,50,ASTC 6x6,7744,astc_all/TN_Worker_06_Small__9cba1d484a492433cb25b31c606d1e08__128x128__ASTC_6x6.astc
ICN_RedDot_Big,9cec938bc951e49ce9df464a6a5a9bc4,32,32,50,ASTC 6x6,576,astc_all/ICN_RedDot_Big__9cec938bc951e49ce9df464a6a5a9bc4__32x32__ASTC_6x6.astc
Img_Txt_ChineseTraditional,9d56af239d1ee4d4495861b29232bb6a,128,32,50,ASTC 6x6,2112,astc_all/Img_Txt_ChineseTraditional__9d56af239d1ee4d4495861b29232bb6a__128x32__ASTC_6x6.astc
Icn_Glass,9e2d628d739eb4ec79c62a143341e225,64,64,50,ASTC 6x6,1936,astc_all/Icn_Glass__9e2d628d739eb4ec79c62a143341e225__64x64__ASTC_6x6.astc
TN_Ore_Silver,9e589d4091fc6476dae3cd3ffde0e79a,256,256,50,ASTC 6x6,29584,astc_all/TN_Ore_Silver__9e589d4091fc6476dae3cd3ffde0e79a__256x256__ASTC_6x6.astc
Icn_20205,9efe8251be2804e81b50cd54cb696a3a,128,128,51,ASTC 8x8,4096,astc_all/Icn_20205__9efe8251be2804e81b50cd54cb696a3a__128x128__ASTC_8x8.astc
Icn_30102,9f0f1dfbef3384a06889ae1a3554afaf,128,128,51,ASTC 8x8,4096,astc_all/Icn_30102__9f0f1dfbef3384a06889ae1a3554afaf__128x128__ASTC_8x8.astc
TN_Skin_Manganese,9f4b9986c25f04c97a1f8c57c23dca9d,64,64,50,ASTC 6x6,1936,astc_all/TN_Skin_Manganese__9f4b9986c25f04c97a1f8c57c23dca9d__64x64__ASTC_6x6.astc
TN_Secre_Whole_14,a0d68196d41ec4bdd9ec770b2e19eb70,512,1024,48,ASTC 4x4,524288,astc_all/TN_Secre_Whole_14__a0d68196d41ec4bdd9ec770b2e19eb70__512x1024__ASTC_4x4.astc
Icn_DelayedDelivery,a1c4147cc17c845ce8487b0709043123,64,64,50,ASTC 6x6,1936,astc_all/Icn_DelayedDelivery__a1c4147cc17c845ce8487b0709043123__64x64__ASTC_6x6.astc
ICN_Europe_Select,a1cc668ddb26d4ccea46bfd94d032405,64,64,50,ASTC 6x6,1936,astc_all/ICN_Europe_Select__a1cc668ddb26d4ccea46bfd94d032405__64x64__ASTC_6x6.astc
ICN_HaulTruck,a253ea57fac1f416084c804d54236903,256,256,50,ASTC 6x6,29584,astc_all/ICN_HaulTruck__a253ea57fac1f416084c804d54236903__256x256__ASTC_6x6.astc
Icn_SPD,a3ff1265f373841599487eaeaaf91318,58,64,50,ASTC 6x6,1760,astc_all/Icn_SPD__a3ff1265f373841599487eaeaaf91318__58x64__ASTC_6x6.astc
ICN_Oil_Black,a4029d19bd3ce49ce8f0840ff6b9bf89,64,64,50,ASTC 6x6,1936,astc_all/ICN_Oil_Black__a4029d19bd3ce49ce8f0840ff6b9bf89__64x64__ASTC_6x6.astc
Img_Reward_Title_BG,a41e01e89db7e4b708de12cf575e1cc7,384,80,50,ASTC 6x6,14336,astc_all/Img_Reward_Title_BG__a41e01e89db7e4b708de12cf575e1cc7__384x80__ASTC_6x6.astc
Icn_Cargo,a516be7f8a3114bcaa929b71de48e2bc,128,128,50,ASTC 6x6,7744,astc_all/Icn_Cargo__a516be7f8a3114bcaa929b71de48e2bc__128x128__ASTC_6x6.astc
Icn_40302,a52d6d93c7db24c99ac1049df9b3634c,128,128,51,ASTC 8x8,4096,astc_all/Icn_40302__a52d6d93c7db24c99ac1049df9b3634c__128x128__ASTC_8x8.astc
Icn_10307,a5daa88c3425b457d9767894972449bb,128,128,51,ASTC 8x8,4096,astc_all/Icn_10307__a5daa88c3425b457d9767894972449bb__128x128__ASTC_8x8.astc
Img_Result,a63f3e6c033a14dd695328e176bf7177,512,512,50,ASTC 6x6,118336,astc_all/Img_Result__a63f3e6c033a14dd695328e176bf7177__512x512__ASTC_6x6.astc
Icn_30101,a65edf7c0dd4f41848bf973ff3801643,128,128,51,ASTC 8x8,4096,astc_all/Icn_30101__a65edf7c0dd4f41848bf973ff3801643__128x128__ASTC_8x8.astc
TN_Pizza,a6baad51b300f4454a58e83f1f9e42a2,512,512,50,ASTC 6x6,118336,astc_all/TN_Pizza__a6baad51b300f4454a58e83f1f9e42a2__512x512__ASTC_6x6.astc
Icn_10105,a7df9c3ad29c9416d8d68d87950c468e,128,128,51,ASTC 8x8,4096,astc_all/Icn_10105__a7df9c3ad29c9416d8d68d87950c468e__128x128__ASTC_8x8.astc
Img_Event_Reward_Tail_Green,a84c66a11d87344fb8341d4270219e10,30,20,50,ASTC 6x6,320,astc_all/Img_Event_Reward_Tail_Green__a84c66a11d87344fb8341d4270219e10__30x20__ASTC_6x6.astc
ICN_HeavyLoad,a84fcf6484a4d4f019605da062cabb9a,64,64,50,ASTC 6x6,1936,astc_all/ICN_HeavyLoad__a84fcf6484a4d4f019605da062cabb9a__64x64__ASTC_6x6.astc
Icn_10304,a9d5262be3bf84c278292d73825f30b5,128,128,51,ASTC 8x8,4096,astc_all/Icn_10304__a9d5262be3bf84c278292d73825f30b5__128x128__ASTC_8x8.astc
TN_Jem_06,aa8a76a3027284e0292faa80911fca80,256,256,50,ASTC 6x6,29584,astc_all/TN_Jem_06__aa8a76a3027284e0292faa80911fca80__256x256__ASTC_6x6.astc
TN_Skin_AquaMarine,aaf0ca876648c4b33bcf94b48e004cb5,64,64,50,ASTC 6x6,1936,astc_all/TN_Skin_AquaMarine__aaf0ca876648c4b33bcf94b48e004cb5__64x64__ASTC_6x6.astc
Icn_Gem,ab11440e9da13404aa71c709220a9de5,256,256,50,ASTC 6x6,29584,astc_all/Icn_Gem__ab11440e9da13404aa71c709220a9de5__256x256__ASTC_6x6.astc
Icn_Mining_Color,ab3b3720e9e0d437ebf6cfbcefcd2a5f,32,32,50,ASTC 6x6,576,astc_all/Icn_Mining_Color__ab3b3720e9e0d437ebf6cfbcefcd2a5f__32x32__ASTC_6x6.astc
TN_BucketWheelExcavator,ab58018919c2d4d61a37dd4fb57f4e12,256,256,50,ASTC 6x6,29584,astc_all/TN_BucketWheelExcavator__ab58018919c2d4d61a37dd4fb57f4e12__256x256__ASTC_6x6.astc
ICN_LargeHandDrill,abc0c81479139429282e46454f55e0c3,256,256,50,ASTC 6x6,29584,astc_all/ICN_LargeHandDrill__abc0c81479139429282e46454f55e0c3__256x256__ASTC_6x6.astc
TN_Bond_03,ac9f0ed78da234e7288842683699536f,256,256,50,ASTC 6x6,29584,astc_all/TN_Bond_03__ac9f0ed78da234e7288842683699536f__256x256__ASTC_6x6.astc
ICN_DrillCrusher,ace61a3e57c0c4e20836e17dfe997bca,256,256,50,ASTC 6x6,29584,astc_all/ICN_DrillCrusher__ace61a3e57c0c4e20836e17dfe997bca__256x256__ASTC_6x6.astc
TN_Ore_SandStone,ae18a7b640a3f48ac9a594a5f67d3478,256,256,50,ASTC 6x6,29584,astc_all/TN_Ore_SandStone__ae18a7b640a3f48ac9a594a5f67d3478__256x256__ASTC_6x6.astc
ICN_BucketWheelExcavator,ae54559f8f4fb4c1ea81361982228311,256,256,50,ASTC 6x6,29584,astc_all/ICN_BucketWheelExcavator__ae54559f8f4fb4c1ea81361982228311__256x256__ASTC_6x6.astc
TN_Ingot_Tanzanite,ae72ec36b9982400aa8fd9c7c69570f1,64,64,50,ASTC 6x6,1936,astc_all/TN_Ingot_Tanzanite__ae72ec36b9982400aa8fd9c7c69570f1__64x64__ASTC_6x6.astc
TN_Worker_04,aeaa0d6117eaf4a21aa5469570a51f4e,512,512,50,ASTC 6x6,118336,astc_all/TN_Worker_04__aeaa0d6117eaf4a21aa5469570a51f4e__512x512__ASTC_6x6.astc
Icn_10305,af4b2bb9f4af64f11bd28a7c9774f928,128,128,51,ASTC 8x8,4096,astc_all/Icn_10305__af4b2bb9f4af64f11bd28a7c9774f928__128x128__ASTC_8x8.astc
TN_DrillCrusher,af9fdde8814ec4dc499fdb95ef353782,256,256,50,ASTC 6x6,29584,astc_all/TN_DrillCrusher__af9fdde8814ec4dc499fdb95ef353782__256x256__ASTC_6x6.astc
ICN_ImpactHauler_Outline,afa80957540d04cf6aea2f3a252e5664,128,128,50,ASTC 6x6,7744,astc_all/ICN_ImpactHauler_Outline__afa80957540d04cf6aea2f3a252e5664__128x128__ASTC_6x6.astc
IMG_Yellow,b0300685d94ea41668395b4b14ff5192,512,512,50,ASTC 6x6,118336,astc_all/IMG_Yellow__b0300685d94ea41668395b4b14ff5192__512x512__ASTC_6x6.astc
Img_Txt_Spanish,b060b79a3d3f74e029c0503fd8976c43,128,32,50,ASTC 6x6,2112,astc_all/Img_Txt_Spanish__b060b79a3d3f74e029c0503fd8976c43__128x32__ASTC_6x6.astc
TN_Ore_Coal,b0a208ebd0ea249fda07046fa0d07a42,256,256,50,ASTC 6x6,29584,astc_all/TN_Ore_Coal__b0a208ebd0ea249fda07046fa0d07a42__256x256__ASTC_6x6.astc
TN_Ingot_Ice,b0d7afc5653694d1da3bebe8ffc37d37,64,64,50,ASTC 6x6,1936,astc_all/TN_Ingot_Ice__b0d7afc5653694d1da3bebe8ffc37d37__64x64__ASTC_6x6.astc
Icn_Support,b2437faa381d04fa58beb5d22637deae,64,64,50,ASTC 6x6,1936,astc_all/Icn_Support__b2437faa381d04fa58beb5d22637deae__64x64__ASTC_6x6.astc
Icn_40206,b27c52abb8125435eb7709ade5f2c7ba,128,128,51,ASTC 8x8,4096,astc_all/Icn_40206__b27c52abb8125435eb7709ade5f2c7ba__128x128__ASTC_8x8.astc
Icn_Gear,b2dcbb5cb29aa48af91c478602b8289e,256,256,50,ASTC 6x6,29584,astc_all/Icn_Gear__b2dcbb5cb29aa48af91c478602b8289e__256x256__ASTC_6x6.astc
ICN_NorthAmerica_Unselect,b37a7daa5571f4f10bbc285a1d7c144c,64,64,50,ASTC 6x6,1936,astc_all/ICN_NorthAmerica_Unselect__b37a7daa5571f4f10bbc285a1d7c144c__64x64__ASTC_6x6.astc
TN_Skin_Granite,b49225fab381848a584699e48d97b2e6,64,64,50,ASTC 6x6,1936,astc_all/TN_Skin_Granite__b49225fab381848a584699e48d97b2e6__64x64__ASTC_6x6.astc
ICN_ExoskeletonCarrier,b4974c637101948d8b8ba856d356fa0a,256,256,50,ASTC 6x6,29584,astc_all/ICN_ExoskeletonCarrier__b4974c637101948d8b8ba856d356fa0a__256x256__ASTC_6x6.astc
Icn_Inventory_V01,b57cbcf9129c04691a86e7d4f67d69f5,64,64,50,ASTC 6x6,1936,astc_all/Icn_Inventory_V01__b57cbcf9129c04691a86e7d4f67d69f5__64x64__ASTC_6x6.astc
Icn_10104,b597c483360514e2daf6e280f5fd5182,128,128,51,ASTC 8x8,4096,astc_all/Icn_10104__b597c483360514e2daf6e280f5fd5182__128x128__ASTC_8x8.astc
TN_Skin_Tanzanite,b6ba16cf53b47477e843aef5976a0fdb,64,64,50,ASTC 6x6,1936,astc_all/TN_Skin_Tanzanite__b6ba16cf53b47477e843aef5976a0fdb__64x64__ASTC_6x6.astc
ICN_Plus_Result,b718e9728e1ab49319c7e6bd9b2c32b2,54,56,50,ASTC 6x6,1440,astc_all/ICN_Plus_Result__b718e9728e1ab49319c7e6bd9b2c32b2__54x56__ASTC_6x6.astc
Icn_10206,b736e571f3bb14812ad625b856ca6e48,128,128,51,ASTC 8x8,4096,astc_all/Icn_10206__b736e571f3bb14812ad625b856ca6e48__128x128__ASTC_8x8.astc
Img_Box_Yellow,b7fe88a323c9d4624984a88b40882899,128,128,50,ASTC 6x6,7744,astc_all/Img_Box_Yellow__b7fe88a323c9d4624984a88b40882899__128x128__ASTC_6x6.astc
ICN_Secre_10,b88061aae980c4215a9067b1d748a9ce,128,128,50,ASTC 6x6,7744,astc_all/ICN_Secre_10__b88061aae980c4215a9067b1d748a9ce__128x128__ASTC_6x6.astc
Icn_Piece_CommonRare_Random,b90be8c093318491094e35925944eb03,128,128,50,ASTC 6x6,7744,astc_all/Icn_Piece_CommonRare_Random__b90be8c093318491094e35925944eb03__128x128__ASTC_6x6.astc
TN_HydraulicBreaker_Oceania,b95f048e143ea4ebd827009c3a1bd1c0,256,256,50,ASTC 6x6,29584,astc_all/TN_HydraulicBreaker_Oceania__b95f048e143ea4ebd827009c3a1bd1c0__256x256__ASTC_6x6.astc
TN_Ore_Basalt,b978de5895ebf46cfbb0586511c409d0,256,256,50,ASTC 6x6,29584,astc_all/TN_Ore_Basalt__b978de5895ebf46cfbb0586511c409d0__256x256__ASTC_6x6.astc
TN_RP_02,b982cf43c28b24a6fb65b88cf0e16b9e,256,256,50,ASTC 6x6,29584,astc_all/TN_RP_02__b982cf43c28b24a6fb65b88cf0e16b9e__256x256__ASTC_6x6.astc
TN_Skin_Diamond,ba97ddb2d86664ad7899cef603451761,64,64,50,ASTC 6x6,1936,astc_all/TN_Skin_Diamond__ba97ddb2d86664ad7899cef603451761__64x64__ASTC_6x6.astc
TN_Secre_Whole_09,baa45f1dcd32a4aa3949dede32f58034,512,1024,48,ASTC 4x4,524288,astc_all/TN_Secre_Whole_09__baa45f1dcd32a4aa3949dede32f58034__512x1024__ASTC_4x4.astc
TN_Skin_LapisLazuli,bb180c573802343ea8e345035c463a49,64,64,50,ASTC 6x6,1936,astc_all/TN_Skin_LapisLazuli__bb180c573802343ea8e345035c463a49__64x64__ASTC_6x6.astc
TN_Ingot_Ruby,bb1ef6f19df2549daa68d0e07b1364da,64,64,50,ASTC 6x6,1936,astc_all/TN_Ingot_Ruby__bb1ef6f19df2549daa68d0e07b1364da__64x64__ASTC_6x6.astc
Img_Skin_Blue,bb6ab06555fc542e99514d3c5eb1d4e4,282,282,50,ASTC 6x6,35344,astc_all/Img_Skin_Blue__bb6ab06555fc542e99514d3c5eb1d4e4__282x282__ASTC_6x6.astc
ICN_Asia_Select,bbc1a97ab0b0042a99992801ebb81d1f,64,64,50,ASTC 6x6,1936,astc_all/ICN_Asia_Select__bbc1a97ab0b0042a99992801ebb81d1f__64x64__ASTC_6x6.astc
Icn_Damage,bc2544e7336a4463b9637f88904c0350,128,128,50,ASTC 6x6,7744,astc_all/Icn_Damage__bc2544e7336a4463b9637f88904c0350__128x128__ASTC_6x6.astc
Icn_Piece_Epic_Bg,bc60ffe4354444eceb16b66890e342ca,128,128,50,ASTC 6x6,7744,astc_all/Icn_Piece_Epic_Bg__bc60ffe4354444eceb16b66890e342ca__128x128__ASTC_6x6.astc
Icn_10202,bc6fd0bfb4c6e4655ac2012837159de0,128,128,51,ASTC 8x8,4096,astc_all/Icn_10202__bc6fd0bfb4c6e4655ac2012837159de0__128x128__ASTC_8x8.astc
TN_Worker_07,bd43aa0193f4b4581916974a55f5ef76,512,512,50,ASTC 6x6,118336,astc_all/TN_Worker_07__bd43aa0193f4b4581916974a55f5ef76__512x512__ASTC_6x6.astc
TN_Skin_Silver,bd8ad13927c964dd79890a537ff99a55,64,64,50,ASTC 6x6,1936,astc_all/TN_Skin_Silver__bd8ad13927c964dd79890a537ff99a55__64x64__ASTC_6x6.astc
ICN_Quality,bf1d22a975c0a4fa6acc76223fc4802b,64,64,50,ASTC 6x6,1936,astc_all/ICN_Quality__bf1d22a975c0a4fa6acc76223fc4802b__64x64__ASTC_6x6.astc
ICN_Home,bf5fb0e9fc31745629a5bffb1b81c409,50,50,50,ASTC 6x6,1296,astc_all/ICN_Home__bf5fb0e9fc31745629a5bffb1b81c409__50x50__ASTC_6x6.astc
TN_Ingot_Bismuth,bfdb0356cae05404ab4524b6e526d3ae,64,64,50,ASTC 6x6,1936,astc_all/TN_Ingot_Bismuth__bfdb0356cae05404ab4524b6e526d3ae__64x64__ASTC_6x6.astc
Icn_Lock_Inner,c0263159b75e637419ee866e783c02bf,60,60,50,ASTC 6x6,1600,astc_all/Icn_Lock_Inner__c0263159b75e637419ee866e783c02bf__60x60__ASTC_6x6.astc
TN_Ore_Aquamarine,c0676a368f70d4c2690309edc0d596e8,256,256,50,ASTC 6x6,29584,astc_all/TN_Ore_Aquamarine__c0676a368f70d4c2690309edc0d596e8__256x256__ASTC_6x6.astc
ICN_Clock,c07ae12507c4e42d1a935b2e3cb02269,64,64,50,ASTC 6x6,1936,astc_all/ICN_Clock__c07ae12507c4e42d1a935b2e3cb02269__64x64__ASTC_6x6.astc
Icn_Mining_Gray02,c0d04fbc1285644ceabdf7e5431b94c5,32,32,50,ASTC 6x6,576,astc_all/Icn_Mining_Gray02__c0d04fbc1285644ceabdf7e5431b94c5__32x32__ASTC_6x6.astc
TN_Worker_09,c0d67e19467274221bfbc58488baaad3,512,512,50,ASTC 6x6,118336,astc_all/TN_Worker_09__c0d67e19467274221bfbc58488baaad3__512x512__ASTC_6x6.astc
Icn_Gem,c207eeb47acac4924bb1506dd0be5e0a,128,128,50,ASTC 6x6,7744,astc_all/Icn_Gem__c207eeb47acac4924bb1506dd0be5e0a__128x128__ASTC_6x6.astc
ICN_Secre_04,c31f9575796a74916a1128be055ce79e,128,128,50,ASTC 6x6,7744,astc_all/ICN_Secre_04__c31f9575796a74916a1128be055ce79e__128x128__ASTC_6x6.astc
Icn_Triangle,c377a337936454b30879303ae21c53a7,31,31,50,ASTC 6x6,576,astc_all/Icn_Triangle__c377a337936454b30879303ae21c53a7__31x31__ASTC_6x6.astc
Icn_50111,c38c54329570547d1a5482566366c3fe,128,128,51,ASTC 8x8,4096,astc_all/Icn_50111__c38c54329570547d1a5482566366c3fe__128x128__ASTC_8x8.astc
Icn_10103,c411f8421d03947d693e5975c573345b,128,128,51,ASTC 8x8,4096,astc_all/Icn_10103__c411f8421d03947d693e5975c573345b__128x128__ASTC_8x8.astc
Img_Yellow_Half,c52d305ec7fd04fad9f42cb8c06483df,256,128,50,ASTC 6x6,15136,astc_all/Img_Yellow_Half__c52d305ec7fd04fad9f42cb8c06483df__256x128__ASTC_6x6.astc
ICN_Secre_12,c542cebd0318541a092f3cafde157a39,128,128,50,ASTC 6x6,7744,astc_all/ICN_Secre_12__c542cebd0318541a092f3cafde157a39__128x128__ASTC_6x6.astc
Icn_90101,c6123342c79b44f76940bc1fbaf9d3b0,128,128,51,ASTC 8x8,4096,astc_all/Icn_90101__c6123342c79b44f76940bc1fbaf9d3b0__128x128__ASTC_8x8.astc
Img_Event_Reward_Tail,c630b9b0ef3104da59980bf07371e247,30,20,50,ASTC 6x6,320,astc_all/Img_Event_Reward_Tail__c630b9b0ef3104da59980bf07371e247__30x20__ASTC_6x6.astc
TN_AdTicket_03,c74c9f01cde574243928646bfe7488d8,256,256,50,ASTC 6x6,29584,astc_all/TN_AdTicket_03__c74c9f01cde574243928646bfe7488d8__256x256__ASTC_6x6.astc
Icn_30206,c7f9e5ebc9cbe40f7b502bd434294306,128,128,51,ASTC 8x8,4096,astc_all/Icn_30206__c7f9e5ebc9cbe40f7b502bd434294306__128x128__ASTC_8x8.astc
ICN_JackHammer,c828cb2dc7b5849f786f439ce9b57913,256,256,50,ASTC 6x6,29584,astc_all/ICN_JackHammer__c828cb2dc7b5849f786f439ce9b57913__256x256__ASTC_6x6.astc
TN_Skin_Zircon,c8ce466a18ccc4b068e63c593f1ccdf8,64,64,50,ASTC 6x6,1936,astc_all/TN_Skin_Zircon__c8ce466a18ccc4b068e63c593f1ccdf8__64x64__ASTC_6x6.astc
ICN_Secre_00,ca97fa95c4dd0458880f67281231a6d8,128,128,50,ASTC 6x6,7744,astc_all/ICN_Secre_00__ca97fa95c4dd0458880f67281231a6d8__128x128__ASTC_6x6.astc
ICN_Lock2,caa75e296c2304731986fb99fe9c1fdd,64,64,50,ASTC 6x6,1936,astc_all/ICN_Lock2__caa75e296c2304731986fb99fe9c1fdd__64x64__ASTC_6x6.astc
Icn_20102,caed5cfb19b22436a8696371f3a38892,128,128,51,ASTC 8x8,4096,astc_all/Icn_20102__caed5cfb19b22436a8696371f3a38892__128x128__ASTC_8x8.astc
Icn_20203,cc92fd0b8469d4209b8ad430d9bcf478,128,128,51,ASTC 8x8,4096,astc_all/Icn_20203__cc92fd0b8469d4209b8ad430d9bcf478__128x128__ASTC_8x8.astc
TN_SledgeHammer,cce671f8efc164b33b0bebc7cdc7d728,256,256,50,ASTC 6x6,29584,astc_all/TN_SledgeHammer__cce671f8efc164b33b0bebc7cdc7d728__256x256__ASTC_6x6.astc
TN_Ore_Gold,ce6bda1ac78eb4b99878e8fb6fa0595e,256,256,50,ASTC 6x6,29584,astc_all/TN_Ore_Gold__ce6bda1ac78eb4b99878e8fb6fa0595e__256x256__ASTC_6x6.astc
ICN_Secre_09,ced54f556c2c94ee6be826896163c6ec,128,128,50,ASTC 6x6,7744,astc_all/ICN_Secre_09__ced54f556c2c94ee6be826896163c6ec__128x128__ASTC_6x6.astc
TN_WheelBarrow,cf17f30090a8f497494b8df0425ba1b2,256,256,50,ASTC 6x6,29584,astc_all/TN_WheelBarrow__cf17f30090a8f497494b8df0425ba1b2__256x256__ASTC_6x6.astc
Icn_90103,cf4bd08f21448478ca6da6615f584f53,128,128,51,ASTC 8x8,4096,astc_all/Icn_90103__cf4bd08f21448478ca6da6615f584f53__128x128__ASTC_8x8.astc
TN_Ingot_Zircon,cff7b491b2c7647d88dfc76fdf0ea875,64,64,50,ASTC 6x6,1936,astc_all/TN_Ingot_Zircon__cff7b491b2c7647d88dfc76fdf0ea875__64x64__ASTC_6x6.astc
Icn_Arrow_Red,d079508a0d21e44b8bde74ea4b98f209,128,64,50,ASTC 6x6,3872,astc_all/Icn_Arrow_Red__d079508a0d21e44b8bde74ea4b98f209__128x64__ASTC_6x6.astc
TN_Worker_09_Small,d0d65e8c6c6f84bd183a4490973fb195,128,128,50,ASTC 6x6,7744,astc_all/TN_Worker_09_Small__d0d65e8c6c6f84bd183a4490973fb195__128x128__ASTC_6x6.astc
Icn_Carry_Gray03,d2e4a284837654eb59cdf27c0a696565,32,32,50,ASTC 6x6,576,astc_all/Icn_Carry_Gray03__d2e4a284837654eb59cdf27c0a696565__32x32__ASTC_6x6.astc
TN_NoAds_Character,d429e7bef2fa74597825617453df849d,512,512,50,ASTC 6x6,118336,astc_all/TN_NoAds_Character__d429e7bef2fa74597825617453df849d__512x512__ASTC_6x6.astc
TN_RollerCrusher_Africa,d4aaec0a2a6cd46d3b6806d6f5c13299,256,256,50,ASTC 6x6,29584,astc_all/TN_RollerCrusher_Africa__d4aaec0a2a6cd46d3b6806d6f5c13299__256x256__ASTC_6x6.astc
TN_ExoskeletonCarrier,d4d0f7602eb644ce4898508467b48bad,256,256,50,ASTC 6x6,29584,astc_all/TN_ExoskeletonCarrier__d4d0f7602eb644ce4898508467b48bad__256x256__ASTC_6x6.astc
Img_Info,d4ff544a0219e4945a6ad8efd80d17b2,32,32,4,RGBA32,4096,decoded_direct/Img_Info__d4ff544a0219e4945a6ad8efd80d17b2.png
TN_Ingot_Obsidian,d50654bf1614642d1944f7378efe8ddc,64,64,50,ASTC 6x6,1936,astc_all/TN_Ingot_Obsidian__d50654bf1614642d1944f7378efe8ddc__64x64__ASTC_6x6.astc
ICN_Hybrid_Black,d51378f2114e2447c9bc6d84e1712d92,64,64,50,ASTC 6x6,1936,astc_all/ICN_Hybrid_Black__d51378f2114e2447c9bc6d84e1712d92__64x64__ASTC_6x6.astc
Img_Skin_Black,d53e9cd9233c74deca17521c33724332,256,256,50,ASTC 6x6,29584,astc_all/Img_Skin_Black__d53e9cd9233c74deca17521c33724332__256x256__ASTC_6x6.astc
TN_ImpactHauler,d57097ccc727c48b7822add6f548a2eb,256,256,50,ASTC 6x6,29584,astc_all/TN_ImpactHauler__d57097ccc727c48b7822add6f548a2eb__256x256__ASTC_6x6.astc
TN_Ore_Ruby,d603d2e939fb2459d9c7c5968e263174,256,256,50,ASTC 6x6,29584,astc_all/TN_Ore_Ruby__d603d2e939fb2459d9c7c5968e263174__256x256__ASTC_6x6.astc
Icn_Reward,d6219461c8e6b4690804520589ae3e2e,64,64,50,ASTC 6x6,1936,astc_all/Icn_Reward__d6219461c8e6b4690804520589ae3e2e__64x64__ASTC_6x6.astc
Icn_Carry_Gray,d68591b3801c548ca98f543b2ecb9f7a,32,32,50,ASTC 6x6,576,astc_all/Icn_Carry_Gray__d68591b3801c548ca98f543b2ecb9f7a__32x32__ASTC_6x6.astc
Img_File_Easy,d6a47294e5e1a42aaa2a8efa60bea715,256,128,50,ASTC 6x6,15136,astc_all/Img_File_Easy__d6a47294e5e1a42aaa2a8efa60bea715__256x128__ASTC_6x6.astc
Icn_40408,d790f17eb6ba0451db97fcec51756de6,128,128,51,ASTC 8x8,4096,astc_all/Icn_40408__d790f17eb6ba0451db97fcec51756de6__128x128__ASTC_8x8.astc
ICN_Secre_14,d7f3b4f71929c44f5870d2aee346431a,128,128,50,ASTC 6x6,7744,astc_all/ICN_Secre_14__d7f3b4f71929c44f5870d2aee346431a__128x128__ASTC_6x6.astc
Img_DynamiteKit,d91f6c39e6bf6447b9ffe47d0b3bcaa8,512,472,50,ASTC 6x6,108704,astc_all/Img_DynamiteKit__d91f6c39e6bf6447b9ffe47d0b3bcaa8__512x472__ASTC_6x6.astc
Icn_Arrow2,dac8c683e695a49f0ac041b43ff02cec,15,18,50,ASTC 6x6,144,astc_all/Icn_Arrow2__dac8c683e695a49f0ac041b43ff02cec__15x18__ASTC_6x6.astc
TN_Skin_Amber,db1dcd04b0e634ca0b0b065387491347,64,64,50,ASTC 6x6,1936,astc_all/TN_Skin_Amber__db1dcd04b0e634ca0b0b065387491347__64x64__ASTC_6x6.astc
Icn_Company_V02,dbf34e0bb65ba4bf09f5993d60121f41,64,64,50,ASTC 6x6,1936,astc_all/Icn_Company_V02__dbf34e0bb65ba4bf09f5993d60121f41__64x64__ASTC_6x6.astc
Img_Txt_English,dc64fd6efc2594bfbbac9fae714721af,128,32,50,ASTC 6x6,2112,astc_all/Img_Txt_English__dc64fd6efc2594bfbbac9fae714721af__128x32__ASTC_6x6.astc
Icn_10001,dd028d6a42a88441eb282cc5553171a8,128,128,51,ASTC 8x8,4096,astc_all/Icn_10001__dd028d6a42a88441eb282cc5553171a8__128x128__ASTC_8x8.astc
Icn_Ad_Black,de2de4787b8f6440590e284a67e941c6,32,22,50,ASTC 6x6,384,astc_all/Icn_Ad_Black__de2de4787b8f6440590e284a67e941c6__32x22__ASTC_6x6.astc
TN_Jem_03,de976c97671a749af8ef959379054390,256,256,50,ASTC 6x6,29584,astc_all/TN_Jem_03__de976c97671a749af8ef959379054390__256x256__ASTC_6x6.astc
ICN_Event_Africa,df9eaf46d98124f88b62c057689a93af,128,128,50,ASTC 6x6,7744,astc_all/ICN_Event_Africa__df9eaf46d98124f88b62c057689a93af__128x128__ASTC_6x6.astc
Img_Box_Blue,e1b3f2e8b343d442383a54c92e8d34da,128,128,50,ASTC 6x6,7744,astc_all/Img_Box_Blue__e1b3f2e8b343d442383a54c92e8d34da__128x128__ASTC_6x6.astc
TN_Secre_Whole_03,e230700e176f64474a2f3e3087b0195a,512,1024,48,ASTC 4x4,524288,astc_all/TN_Secre_Whole_03__e230700e176f64474a2f3e3087b0195a__512x1024__ASTC_4x4.astc
ICN_DumpTruck,e27ced9b1fee44384a6cf871c8209f3c,256,256,50,ASTC 6x6,29584,astc_all/ICN_DumpTruck__e27ced9b1fee44384a6cf871c8209f3c__256x256__ASTC_6x6.astc
Img_File_Normal,e28345cff5e5d497fa822b81c8d06d33,256,128,50,ASTC 6x6,15136,astc_all/Img_File_Normal__e28345cff5e5d497fa822b81c8d06d33__256x128__ASTC_6x6.astc
TN_Worker_04_Small,e32427826d3d14c9fb091c8cc13f8111,128,128,50,ASTC 6x6,7744,astc_all/TN_Worker_04_Small__e32427826d3d14c9fb091c8cc13f8111__128x128__ASTC_6x6.astc
Img_Piece_Mask,e345dc5b6f3454c418a287a80052df17,80,80,4,RGBA32,25600,decoded_direct/Img_Piece_Mask__e345dc5b6f3454c418a287a80052df17.png
Img_Skin_Yellow,e3d0ca218de62419fb0513cdc141f49e,299,299,50,ASTC 6x6,40000,astc_all/Img_Skin_Yellow__e3d0ca218de62419fb0513cdc141f49e__299x299__ASTC_6x6.astc
Img_Txt_French,e405bb641c7614e3dbb82fb16731c7a7,128,32,50,ASTC 6x6,2112,astc_all/Img_Txt_French__e405bb641c7614e3dbb82fb16731c7a7__128x32__ASTC_6x6.astc
Icn_Refund,e4433eb42cba5445c960d27d98678a44,64,64,50,ASTC 6x6,1936,astc_all/Icn_Refund__e4433eb42cba5445c960d27d98678a44__64x64__ASTC_6x6.astc
TN_AD_Damage,e44eeb2cbab6f44f68dbffbfecde61a3,256,256,50,ASTC 6x6,29584,astc_all/TN_AD_Damage__e44eeb2cbab6f44f68dbffbfecde61a3__256x256__ASTC_6x6.astc
ICN_Event_Siberia,e484193cf0d86422085ca7bc8e809468,128,128,50,ASTC 6x6,7744,astc_all/ICN_Event_Siberia__e484193cf0d86422085ca7bc8e809468__128x128__ASTC_6x6.astc
Icn_20101,e61e211a95a544a9ea69dc81d680580e,128,128,51,ASTC 8x8,4096,astc_all/Icn_20101__e61e211a95a544a9ea69dc81d680580e__128x128__ASTC_8x8.astc
ICN_Camera,e699862f279284e94aee38b8a9c284d5,50,50,50,ASTC 6x6,1296,astc_all/ICN_Camera__e699862f279284e94aee38b8a9c284d5__50x50__ASTC_6x6.astc
TN_Worker_08,e879da4cd820340aebc6671c18b0d820,512,512,50,ASTC 6x6,118336,astc_all/TN_Worker_08__e879da4cd820340aebc6671c18b0d820__512x512__ASTC_6x6.astc
TN_Skin_Bronzite,e914a3c9e43bd4934971c629fcd9f775,64,64,50,ASTC 6x6,1936,astc_all/TN_Skin_Bronzite__e914a3c9e43bd4934971c629fcd9f775__64x64__ASTC_6x6.astc
ICN_Event_SouthAmerica,e9f7c6ee9268a43d8a8795c585f2850b,128,128,50,ASTC 6x6,7744,astc_all/ICN_Event_SouthAmerica__e9f7c6ee9268a43d8a8795c585f2850b__128x128__ASTC_6x6.astc
TN_Bond_02,ea94642826f6b495e8857b448e64f6a7,256,256,50,ASTC 6x6,29584,astc_all/TN_Bond_02__ea94642826f6b495e8857b448e64f6a7__256x256__ASTC_6x6.astc
TN_Secre_Whole_10,eaabc44bccfde42ee88318ad07bfccdb,512,1024,48,ASTC 4x4,524288,astc_all/TN_Secre_Whole_10__eaabc44bccfde42ee88318ad07bfccdb__512x1024__ASTC_4x4.astc
TN_Skin_Yooperlite,eb0b51cc15b4c45459c3a7e1b1e86697,64,64,50,ASTC 6x6,1936,astc_all/TN_Skin_Yooperlite__eb0b51cc15b4c45459c3a7e1b1e86697__64x64__ASTC_6x6.astc
TN_Worker_07_Small,ec37f69fc068948388e3fae7b163b1e2,128,128,50,ASTC 6x6,7744,astc_all/TN_Worker_07_Small__ec37f69fc068948388e3fae7b163b1e2__128x128__ASTC_6x6.astc
TN_Skin_Gold,ed4ecb8fc9def4d1f92b56276b69f2eb,64,64,50,ASTC 6x6,1936,astc_all/TN_Skin_Gold__ed4ecb8fc9def4d1f92b56276b69f2eb__64x64__ASTC_6x6.astc
ICN_MassHiring,ed6028d5f303c4a9c9c04bbeb9ba1a13,64,64,50,ASTC 6x6,1936,astc_all/ICN_MassHiring__ed6028d5f303c4a9c9c04bbeb9ba1a13__64x64__ASTC_6x6.astc
TN_Ore_Iron,ef3b3bcd69f8b4e8f9a17494da1bcedd,256,256,50,ASTC 6x6,29584,astc_all/TN_Ore_Iron__ef3b3bcd69f8b4e8f9a17494da1bcedd__256x256__ASTC_6x6.astc
Icn_10306,ef9abf523677b4adb8af7cd9dd0c3011,128,128,51,ASTC 8x8,4096,astc_all/Icn_10306__ef9abf523677b4adb8af7cd9dd0c3011__128x128__ASTC_8x8.astc
ICN_Warning,eff54979e1ae34eb497b113ff8039983,38,33,50,ASTC 6x6,672,astc_all/ICN_Warning__eff54979e1ae34eb497b113ff8039983__38x33__ASTC_6x6.astc
TN_Ore_Copper,f01af0700731b4abb9cbb01fd91b66f5,256,256,50,ASTC 6x6,29584,astc_all/TN_Ore_Copper__f01af0700731b4abb9cbb01fd91b66f5__256x256__ASTC_6x6.astc
TN_GemVault,f06d3f8b038ba47f188e92919a3d55e2,256,256,50,ASTC 6x6,29584,astc_all/TN_GemVault__f06d3f8b038ba47f188e92919a3d55e2__256x256__ASTC_6x6.astc
TN_HydraulicBreaker,f07d61cd6dcb64f54995386662df9e72,256,256,50,ASTC 6x6,29584,astc_all/TN_HydraulicBreaker__f07d61cd6dcb64f54995386662df9e72__256x256__ASTC_6x6.astc
TN_Ingot_Emerald,f1df4984cbc8242b782974c09733bd11,64,64,50,ASTC 6x6,1936,astc_all/TN_Ingot_Emerald__f1df4984cbc8242b782974c09733bd11__64x64__ASTC_6x6.astc
Icn_50112,f294499902c2e4fa098966d07a023cef,128,128,51,ASTC 8x8,4096,astc_all/Icn_50112__f294499902c2e4fa098966d07a023cef__128x128__ASTC_8x8.astc
TN_Secre_Whole_08,f2ce6fcb6ff7d4ee397f2b62b851aebd,512,1024,48,ASTC 4x4,524288,astc_all/TN_Secre_Whole_08__f2ce6fcb6ff7d4ee397f2b62b851aebd__512x1024__ASTC_4x4.astc
Icn_STA,f3ab80c38a04046fda05a5877cfb9e2e,58,64,50,ASTC 6x6,1760,astc_all/Icn_STA__f3ab80c38a04046fda05a5877cfb9e2e__58x64__ASTC_6x6.astc
Icn_ResearchPoint,f3b943ac8aa914a95a3aded12211f6af,128,128,50,ASTC 6x6,7744,astc_all/Icn_ResearchPoint__f3b943ac8aa914a95a3aded12211f6af__128x128__ASTC_6x6.astc
ICN_Tri,f6089c2a520854f8fb299dc5b778a1e9,32,32,50,ASTC 6x6,576,astc_all/ICN_Tri__f6089c2a520854f8fb299dc5b778a1e9__32x32__ASTC_6x6.astc
TN_Money_01,f786e331d649e401085528a23e9527f0,256,256,50,ASTC 6x6,29584,astc_all/TN_Money_01__f786e331d649e401085528a23e9527f0__256x256__ASTC_6x6.astc
TN_Skin_Dunite,f84c4f1190bdd4b72ad867b3f2a4fc73,64,64,50,ASTC 6x6,1936,astc_all/TN_Skin_Dunite__f84c4f1190bdd4b72ad867b3f2a4fc73__64x64__ASTC_6x6.astc
ICN_SFX,f8c8f8680b43b4ffb8ab58c6f7c69a21,64,64,50,ASTC 6x6,1936,astc_all/ICN_SFX__f8c8f8680b43b4ffb8ab58c6f7c69a21__64x64__ASTC_6x6.astc
TN_NoAds_Hand,f93488b11b7734691826218475890650,32,32,50,ASTC 6x6,576,astc_all/TN_NoAds_Hand__f93488b11b7734691826218475890650__32x32__ASTC_6x6.astc
TN_Ore_LapisLazuli,fab04108dd98f4f0d92d14b1a0faa555,256,256,50,ASTC 6x6,29584,astc_all/TN_Ore_LapisLazuli__fab04108dd98f4f0d92d14b1a0faa555__256x256__ASTC_6x6.astc
Icn_40406,faba60bdc92384eca8c5cec7a1b435fd,128,128,51,ASTC 8x8,4096,astc_all/Icn_40406__faba60bdc92384eca8c5cec7a1b435fd__128x128__ASTC_8x8.astc
TN_RP_01,fac807dccc0044169ae30762d3ef0714,256,256,50,ASTC 6x6,29584,astc_all/TN_RP_01__fac807dccc0044169ae30762d3ef0714__256x256__ASTC_6x6.astc
ICN_Secre_08,fb42c52d8987544fda615ddcec7d9b6d,128,128,50,ASTC 6x6,7744,astc_all/ICN_Secre_08__fb42c52d8987544fda615ddcec7d9b6d__128x128__ASTC_6x6.astc
TN_Ore_Yooperlite,fb694e76efb5148cf8f6f6f0503dc284,256,256,50,ASTC 6x6,29584,astc_all/TN_Ore_Yooperlite__fb694e76efb5148cf8f6f6f0503dc284__256x256__ASTC_6x6.astc
TN_Ingot_LapisLazuli,fb8605f290d754efebc94263338d9ac6,64,64,50,ASTC 6x6,1936,astc_all/TN_Ingot_LapisLazuli__fb8605f290d754efebc94263338d9ac6__64x64__ASTC_6x6.astc
Icn_CashStack,fc1b3602016f54e7e986b403a5bf624c,256,256,50,ASTC 6x6,29584,astc_all/Icn_CashStack__fc1b3602016f54e7e986b403a5bf624c__256x256__ASTC_6x6.astc
Icn_Oil_EFF,fc5c584dd1b6a47d68ba96c2c6411c75,58,64,50,ASTC 6x6,1760,astc_all/Icn_Oil_EFF__fc5c584dd1b6a47d68ba96c2c6411c75__58x64__ASTC_6x6.astc
TN_Secre_Whole_01,fcd6d201c338d4ea0b9ad1b1c5f72556,512,1024,48,ASTC 4x4,524288,astc_all/TN_Secre_Whole_01__fcd6d201c338d4ea0b9ad1b1c5f72556__512x1024__ASTC_4x4.astc
ICN_Permafrost,fcf516bf837214c0cbef0ea7d9e8dc0e,64,64,50,ASTC 6x6,1936,astc_all/ICN_Permafrost__fcf516bf837214c0cbef0ea7d9e8dc0e__64x64__ASTC_6x6.astc
Icn_30201,fd78ba1a7c2b54e77b127413a8d46934,128,128,51,ASTC 8x8,4096,astc_all/Icn_30201__fd78ba1a7c2b54e77b127413a8d46934__128x128__ASTC_8x8.astc
Icn_10207,fe286d03ea0a34d498877cc499f31a63,128,128,51,ASTC 8x8,4096,astc_all/Icn_10207__fe286d03ea0a34d498877cc499f31a63__128x128__ASTC_8x8.astc
TN_Ore_Bismuth,fe86e39b6a3f649648feb091683d2f51,256,256,50,ASTC 6x6,29584,astc_all/TN_Ore_Bismuth__fe86e39b6a3f649648feb091683d2f51__256x256__ASTC_6x6.astc
