resource_name,raw_asset_file,raw_size_bytes,paired_resource_file
BTN_DynamiteDrag,23eb6a90f93444455a5c5c283cc0abe4,46848,
BTN_DynamiteDrag,e07f1d5ef178d43378683cd31bbb29e4,233300,
DailyGem_Idle,397d52d347fbc415b810caad8e82d298,2924,
DailyGem_Idle,428745e94b6094200b86d91375390bf6,616,
DailyGemx,428745e94b6094200b86d91375390bf6,616,
DrillCrusher,52c7f1859f4b1fc44ab204affc7e6da2,1524,
DrillCrusher,80c780ec2e4b042c4aa2fd8442b832ea,16928,
DrillCrusher,862bec9ba22c047a388c07dd5c44d11e,155844,
DrillCrusher,87ee20931d3844a1862f7dc520cb31eb,1621712,
DrillCrusher,97f11c691d6114d799a7580b41ec8965,1613804,
DrillCrusher,e3aea8e7041bd47c29950dff061f5008,155852,
DrillCrusher_Dig,91e7d9c3886507a4da9a863663c2453f,7564,
DrillCrusher_Idle,37068a1979eb5d041a9f3c42fca20f98,3068,
DrillCrusher_Move,c64e0ada6e5c0ee418d3e4285279aa7b,3972,
DrillCrusher_Siberia,80c780ec2e4b042c4aa2fd8442b832ea,16928,
DrillCrusher_Siberia,e3aea8e7041bd47c29950dff061f5008,155852,
DumpTruck,64fb295d19fd2484892b0563684e3173,138484,
DumpTruck,80c780ec2e4b042c4aa2fd8442b832ea,16928,
DumpTruck,87ee20931d3844a1862f7dc520cb31eb,1621712,
DumpTruck,97f11c691d6114d799a7580b41ec8965,1613804,
DumpTruck,ccc539ffc2f99de4599fba13d68e654f,600,
DumpTruck_Idle,5aef4bea442ea544c8caf24565f6064b,2784,
Dynamite_model,8d0c1cd4864824dc7972f5d68ce1b59f,41928,
DynamiteArrow,23eb6a90f93444455a5c5c283cc0abe4,46848,
DynamiteArrow,e07f1d5ef178d43378683cd31bbb29e4,233300,
DynamiteBehaviour,globalgamemanagers.assets,558184,
DynamiteButton,23eb6a90f93444455a5c5c283cc0abe4,46848,
DynamiteButton,e07f1d5ef178d43378683cd31bbb29e4,233300,
DynamiteController,globalgamemanagers.assets,558184,
DynamiteDimScreen,23eb6a90f93444455a5c5c283cc0abe4,46848,
DynamiteDimScreen,e07f1d5ef178d43378683cd31bbb29e4,233300,
DynamiteGroundMarker,b7d4e3c2a1f0567890abcdef12345678,58120,
DynamiteGroundMarker,globalgamemanagers.assets,558184,
DynamiteKit,f8cf698b9cdc5416eab1e5d2386f6af2,7440,
DynamiteManager,globalgamemanagers.assets,558184,
DynamitePack,f2bba316097094cfd8bb3e1b14082243,30348,
DynamiteUI,0bcdf98c4c76d42f9a65b320c3f63096,952,
DynamiteUI,23eb6a90f93444455a5c5c283cc0abe4,46848,
DynamiteUI,e07f1d5ef178d43378683cd31bbb29e4,233300,
DynamiteUI,globalgamemanagers.assets,558184,
DynamiteUI_Active,1523b9bea6fd347a48389d3cf4844469,3400,
DynamiteUI_Inactive,004d880c8c67f4bfbaa3105522b5aec4,2528,
DynamiteUIAnimator,23eb6a90f93444455a5c5c283cc0abe4,46848,
DynamiteUIAnimator,e07f1d5ef178d43378683cd31bbb29e4,233300,
DynamiteUIScale,f253e497b3b724e2892b65c6b5f50921,1180,
DynamiteUIScale_Close,cd303b84c674d4651b48dc3239cc44f0,2560,
DynamiteUIScale_Idle,baf9f0961330f494fb15339aaeb35050,2556,
DynamiteUIScale_Open,0edaa9ca6422042e88983919e4b4dff7,2820,
EquipmentProduct_DrillCrusher,87ee20931d3844a1862f7dc520cb31eb,1621712,
EquipmentProduct_DrillCrusher,97f11c691d6114d799a7580b41ec8965,1613804,
EquipmentProduct_DumpTruck,87ee20931d3844a1862f7dc520cb31eb,1621712,
EquipmentProduct_DumpTruck,97f11c691d6114d799a7580b41ec8965,1613804,
EquipmentProduct_HydraulicBreaker,87ee20931d3844a1862f7dc520cb31eb,1621712,
EquipmentProduct_HydraulicBreaker,97f11c691d6114d799a7580b41ec8965,1613804,
EquipmentProduct_JackHammer,87ee20931d3844a1862f7dc520cb31eb,1621712,
EquipmentProduct_JackHammer,97f11c691d6114d799a7580b41ec8965,1613804,
EquipmentProduct_RollerCrusher,87ee20931d3844a1862f7dc520cb31eb,1621712,
EquipmentProduct_RollerCrusher,97f11c691d6114d799a7580b41ec8965,1613804,
EquipmentProduct_WheelLoader,87ee20931d3844a1862f7dc520cb31eb,1621712,
EquipmentProduct_WheelLoader,97f11c691d6114d799a7580b41ec8965,1613804,
FX_UI_Dynamite,23eb6a90f93444455a5c5c283cc0abe4,46848,
FX_UI_Dynamite,e07f1d5ef178d43378683cd31bbb29e4,233300,
Gear,2464fb20a68994c209185b67ffbe243d,1167352,
Gear,50b0dbea54ca44804a7e4b061f986529,452604,
Gear,53f3004e7715c465599830d0d80d20ea,1165832,
Gear,74d494b9dc0b44f4f9dad9970d694dad,468368,
Gear,b61a6a0cbb9534b41aa80050e95320e1,1118996,
Gears,c06733cfb197a47c186408743b6ec828,430632,
Gema,c06733cfb197a47c186408743b6ec828,430632,
GemMo,b0300685d94ea41668395b4b14ff5192,119120,
HaulTruck,80c780ec2e4b042c4aa2fd8442b832ea,16928,
HaulTruck,83aaf43eecf3a4a0bbe2041c998005a8,154116,
HaulTruck,87ee20931d3844a1862f7dc520cb31eb,1621712,
HaulTruck,97f11c691d6114d799a7580b41ec8965,1613804,
HaulTruck,e85d9e3a43d714a76b8fbe6ef7cd3bdc,840,
HaulTruck_Body,83aaf43eecf3a4a0bbe2041c998005a8,154116,
HaulTruck_Body,87ee20931d3844a1862f7dc520cb31eb,1621712,
HaulTruck_Body,97f11c691d6114d799a7580b41ec8965,1613804,
HaulTruck_Body_Trunk,83aaf43eecf3a4a0bbe2041c998005a8,154116,
HaulTruck_Body_Trunk,87ee20931d3844a1862f7dc520cb31eb,1621712,
HaulTruck_Body_Trunk,97f11c691d6114d799a7580b41ec8965,1613804,
HaulTruck_Idle,ebfb8eab0b6304d1091f4f1ec2158c9e,2784,
HaulTruck_Move,743576624f99e47e9a60b84f330fc3d0,3888,
HaulTruck_Wheel_Back_L,83aaf43eecf3a4a0bbe2041c998005a8,154116,
HaulTruck_Wheel_Back_L,87ee20931d3844a1862f7dc520cb31eb,1621712,
HaulTruck_Wheel_Back_L,97f11c691d6114d799a7580b41ec8965,1613804,
HaulTruck_Wheel_Back_R,83aaf43eecf3a4a0bbe2041c998005a8,154116,
HaulTruck_Wheel_Back_R,87ee20931d3844a1862f7dc520cb31eb,1621712,
HaulTruck_Wheel_Back_R,97f11c691d6114d799a7580b41ec8965,1613804,
HaulTruck_Wheel_Front_L,83aaf43eecf3a4a0bbe2041c998005a8,154116,
HaulTruck_Wheel_Front_L,87ee20931d3844a1862f7dc520cb31eb,1621712,
HaulTruck_Wheel_Front_L,97f11c691d6114d799a7580b41ec8965,1613804,
HaulTruck_Wheel_Front_R,83aaf43eecf3a4a0bbe2041c998005a8,154116,
HaulTruck_Wheel_Front_R,87ee20931d3844a1862f7dc520cb31eb,1621712,
HaulTruck_Wheel_Front_R,97f11c691d6114d799a7580b41ec8965,1613804,
HitBox_JackHammer_Hit,f59ff738edbc6410db85f97c8a8b8f00,768,
HydraulicBreaker,1dad36adba23746cbbba31e9c98194ae,37428,
HydraulicBreaker,6b0ab93e950124f54a51b360e4bc3b41,151836,
HydraulicBreaker,732f6487a8c384d708683e106c9d3831,2260,
HydraulicBreaker,7a171612d947347879795ab4377af40e,974864,
HydraulicBreaker,80c780ec2e4b042c4aa2fd8442b832ea,16928,
HydraulicBreaker,87ee20931d3844a1862f7dc520cb31eb,1621712,
HydraulicBreaker,97f11c691d6114d799a7580b41ec8965,1613804,
HydraulicBreaker,a22c327635f4d4d048e1051c562cbc75,151844,
HydraulicBreaker_Aim,4b6addaa1e83b4bf5b8a28f0b36340c6,4036,
HydraulicBreaker_Aimed,84ad1b545e034485cb26e4384e6b2753,2848,
HydraulicBreaker_Asia,80c780ec2e4b042c4aa2fd8442b832ea,16928,
HydraulicBreaker_Asia,a22c327635f4d4d048e1051c562cbc75,151844,
HydraulicBreaker_Company_Idle,51acfb0bc12bd4b2d8ed94432c8e7edf,3540,
HydraulicBreaker_Company_Idle,e03c2b401d08e441db80f475ed4c5db2,664,
HydraulicBreaker_Companyx,e03c2b401d08e441db80f475ed4c5db2,664,
HydraulicBreaker_Dig,859f3340e405e4ee1b706c2d1fdbe25d,20712,
HydraulicBreaker_Idle,f7fcf3e16a24e4470806728c2ef30df0,2804,
Icn_10001,c468799309d044732b9d9380b8a91101,56180,
Icn_10001,dd028d6a42a88441eb282cc5553171a8,4936,
Icn_10002,2de507aae5d864e729f48586f71d40c4,4936,
Icn_10002,c468799309d044732b9d9380b8a91101,56180,
Icn_10003,45cbb3094915b4e21a0d8a645e683e28,5316,
Icn_10003,c468799309d044732b9d9380b8a91101,56180,
Icn_10101,7e8905cf4c39346a39acb925e281f46f,4936,
Icn_10101,c468799309d044732b9d9380b8a91101,56180,
Icn_10102,0092db1540ed34667b8c8c63ce16ee3b,4980,
Icn_10102,c468799309d044732b9d9380b8a91101,56180,
Icn_10103,c411f8421d03947d693e5975c573345b,5424,
Icn_10103,c468799309d044732b9d9380b8a91101,56180,
Icn_10104,b597c483360514e2daf6e280f5fd5182,5296,
Icn_10104,c468799309d044732b9d9380b8a91101,56180,
Icn_10105,a7df9c3ad29c9416d8d68d87950c468e,5340,
Icn_10105,c468799309d044732b9d9380b8a91101,56180,
Icn_10201,8287f74215cca4737b5af15869c4c141,5204,
Icn_10201,c468799309d044732b9d9380b8a91101,56180,
Icn_10202,bc6fd0bfb4c6e4655ac2012837159de0,5828,
Icn_10202,c468799309d044732b9d9380b8a91101,56180,
Icn_10203,979561748923c44e19229dfebc5d6a71,4904,
Icn_10203,c468799309d044732b9d9380b8a91101,56180,
Icn_10205,036f357c9b5b2480aa2d38d5675e06a5,5008,
Icn_10205,c468799309d044732b9d9380b8a91101,56180,
Icn_10206,b736e571f3bb14812ad625b856ca6e48,5212,
Icn_10206,c468799309d044732b9d9380b8a91101,56180,
Icn_10207,c468799309d044732b9d9380b8a91101,56180,
Icn_10207,fe286d03ea0a34d498877cc499f31a63,4936,
Icn_10301,6cf4e269d975c4c7aa0ac8a95cfb8f64,5040,
Icn_10301,c468799309d044732b9d9380b8a91101,56180,
Icn_10304,a9d5262be3bf84c278292d73825f30b5,4948,
Icn_10304,c468799309d044732b9d9380b8a91101,56180,
Icn_10305,af4b2bb9f4af64f11bd28a7c9774f928,5008,
Icn_10305,c468799309d044732b9d9380b8a91101,56180,
Icn_10306,c468799309d044732b9d9380b8a91101,56180,
Icn_10306,ef9abf523677b4adb8af7cd9dd0c3011,5156,
Icn_10307,a5daa88c3425b457d9767894972449bb,5236,
Icn_10307,c468799309d044732b9d9380b8a91101,56180,
Icn_10308,8eff63acb52df4a54b4397520096f40b,5008,
Icn_10308,c468799309d044732b9d9380b8a91101,56180,
Icn_20001,8375f19c2e2054961ab5c3e7fd4d80a8,6192,
Icn_20001,c468799309d044732b9d9380b8a91101,56180,
Icn_20002,0a2ce2411a18744079d4aa1a5572d79d,4980,
Icn_20002,c468799309d044732b9d9380b8a91101,56180,
Icn_20101,c468799309d044732b9d9380b8a91101,56180,
Icn_20101,e61e211a95a544a9ea69dc81d680580e,6048,
Icn_20102,c468799309d044732b9d9380b8a91101,56180,
Icn_20102,caed5cfb19b22436a8696371f3a38892,4980,
Icn_20203,c468799309d044732b9d9380b8a91101,56180,
Icn_20203,cc92fd0b8469d4209b8ad430d9bcf478,5008,
Icn_20204,5c6084a97743842c0a1c411608d92423,4936,
Icn_20204,c468799309d044732b9d9380b8a91101,56180,
Icn_20205,9efe8251be2804e81b50cd54cb696a3a,5664,
Icn_20205,c468799309d044732b9d9380b8a91101,56180,
Icn_20206,8aa7abe1bc9224ec9b26c32277c80aaf,5204,
Icn_20206,c468799309d044732b9d9380b8a91101,56180,
Icn_30101,a65edf7c0dd4f41848bf973ff3801643,5008,
Icn_30101,c468799309d044732b9d9380b8a91101,56180,
Icn_30102,9f0f1dfbef3384a06889ae1a3554afaf,5008,
Icn_30102,c468799309d044732b9d9380b8a91101,56180,
Icn_30103,6884d78c299f74dd2a104c5e0e769b3f,5192,
Icn_30103,c468799309d044732b9d9380b8a91101,56180,
Icn_30105,11ecdfddbcf0a40509d139edeaab8d73,4936,
Icn_30105,c468799309d044732b9d9380b8a91101,56180,
Icn_30201,c468799309d044732b9d9380b8a91101,56180,
Icn_30201,fd78ba1a7c2b54e77b127413a8d46934,4948,
Icn_30202,7eeec0417864d4e59a9d788edd43a91d,4948,
Icn_30202,c468799309d044732b9d9380b8a91101,56180,
Icn_30206,c468799309d044732b9d9380b8a91101,56180,
Icn_30206,c7f9e5ebc9cbe40f7b502bd434294306,5052,
Icn_30301,8d89a23921d53435db3c654e40b148cb,4948,
Icn_30301,c468799309d044732b9d9380b8a91101,56180,
Icn_30302,1f9e185eee7ed451e8ffbe7a40dcf84e,4948,
Icn_30302,c468799309d044732b9d9380b8a91101,56180,
Icn_30307,65eb072c40dde4d85a0d5c95ede56a52,5052,
Icn_30307,c468799309d044732b9d9380b8a91101,56180,
Icn_40101,7a8c4863ffc974109bdab9db7797658a,4904,
Icn_40101,c468799309d044732b9d9380b8a91101,56180,
Icn_40102,7c143706f171140bba79620e8636f327,4980,
Icn_40102,c468799309d044732b9d9380b8a91101,56180,
Icn_40103,16cc8cd11851343b6af74a886ee19cfc,5084,
Icn_40103,c468799309d044732b9d9380b8a91101,56180,
Icn_40201,3b10712dfd2fb408bbbbda005768e588,5040,
Icn_40201,c468799309d044732b9d9380b8a91101,56180,
Icn_40202,309e8cffdbb4a4c458970340b3b5a55d,5132,
Icn_40202,c468799309d044732b9d9380b8a91101,56180,
Icn_40206,b27c52abb8125435eb7709ade5f2c7ba,4904,
Icn_40206,c468799309d044732b9d9380b8a91101,56180,
Icn_40301,2aafbd6462f834e0897866432f9d0b2c,4936,
Icn_40301,c468799309d044732b9d9380b8a91101,56180,
Icn_40302,a52d6d93c7db24c99ac1049df9b3634c,4904,
Icn_40302,c468799309d044732b9d9380b8a91101,56180,
Icn_40304,474de49663cb7410e86be0c72ee78fa7,4936,
Icn_40304,c468799309d044732b9d9380b8a91101,56180,
Icn_40401,3b8bb94e7d4444e8dacbef12453dd541,4948,
Icn_40401,c468799309d044732b9d9380b8a91101,56180,
Icn_40403,72b5a4cb7cba340a0969b99e7f9e7943,5028,
Icn_40403,c468799309d044732b9d9380b8a91101,56180,
Icn_40406,c468799309d044732b9d9380b8a91101,56180,
Icn_40406,faba60bdc92384eca8c5cec7a1b435fd,4980,
Icn_40408,c468799309d044732b9d9380b8a91101,56180,
Icn_40408,d790f17eb6ba0451db97fcec51756de6,4948,
Icn_40501,253bad7f4f3e94c4abba9aa7498e83a2,4948,
Icn_40501,c468799309d044732b9d9380b8a91101,56180,
Icn_40504,062edd9e76b2a47b09e1c7e1bc8be5eb,4904,
Icn_40504,c468799309d044732b9d9380b8a91101,56180,
Icn_50102,74c65491263d04d7e9d168863704943a,5008,
Icn_50102,c468799309d044732b9d9380b8a91101,56180,
Icn_50108,42dee3702555c426388d2bbcec942cb0,5040,
Icn_50108,c468799309d044732b9d9380b8a91101,56180,
Icn_50109,214f65b8bf9e4401cbaf7b36b719badc,4980,
Icn_50109,c468799309d044732b9d9380b8a91101,56180,
Icn_50111,c38c54329570547d1a5482566366c3fe,4904,
Icn_50111,c468799309d044732b9d9380b8a91101,56180,
Icn_50112,c468799309d044732b9d9380b8a91101,56180,
Icn_50112,f294499902c2e4fa098966d07a023cef,4948,
Icn_90101,c468799309d044732b9d9380b8a91101,56180,
Icn_90101,c6123342c79b44f76940bc1fbaf9d3b0,4948,
Icn_90102,6f6de7369ea604e68bc21bc4a2de2d08,6208,
Icn_90102,c468799309d044732b9d9380b8a91101,56180,
Icn_90103,c468799309d044732b9d9380b8a91101,56180,
Icn_90103,cf4bd08f21448478ca6da6615f584f53,4948,
Icn_90104,092800730b3f04f798bbda3a30975091,4936,
Icn_90104,c468799309d044732b9d9380b8a91101,56180,
Icn_90105,7c6121204ea6b4e8f8b5596ed310e0d7,4936,
Icn_90105,c468799309d044732b9d9380b8a91101,56180,
Icn_AD,56c63c97ec38c465cbde16610779fc2f,9636,
ICN_AD,697cc2cab73a54154a1396dd4271520b,1420,
Icn_Ad_Black,de2de4787b8f6440590e284a67e941c6,1168,
Icn_AdSkipTicket,431bf445932274ee68ab951277734fab,4820,
Icn_AdSkipTicket,5b4bbe5789ea94aee820b1369be3bbd6,8784,
ICN_Africa_Select,5757a6e9a765e460da97f88a29bbf0c4,2680,
ICN_Africa_Select,6c579d37f8e734ae59189e9b5cc06039,3012,
ICN_Africa_Unselect,5757a6e9a765e460da97f88a29bbf0c4,2680,
ICN_Africa_Unselect,66914234384af47ec826a8e4c21998ff,3012,
ICN_AltitudeSickness,0d2ede42ee9e84f91bd52dee9c8a6162,2980,
ICN_Ambience,63e0d229b9f1c4139b4affa2c6a3616e,2992,
ICN_Appoint,869582535618742caa38ce1444bc42cf,3012,
Icn_Arrow,160e9d1f79c2d014c8c86ef9d7de6c6a,944,
Icn_Arrow2,dac8c683e695a49f0ac041b43ff02cec,944,
Icn_Arrow_Red,d079508a0d21e44b8bde74ea4b98f209,4888,
Icn_Arrow_Soft_Gradation,0c330e05ff1a34bf19ecdaac0beb41b2,4792,
ICN_Asia_Select,5757a6e9a765e460da97f88a29bbf0c4,2680,
ICN_Asia_Select,bbc1a97ab0b0042a99992801ebb81d1f,2944,
ICN_Asia_Unselect,5757a6e9a765e460da97f88a29bbf0c4,2680,
ICN_Asia_Unselect,5fa2501f1c2844f07bc62dee6644fc5e,2948,
ICN_ATV,563d5542e64664e3c95ce1e31cd13eb6,31988,
Icn_Bond,3c847752299ce496d8b5042105685f7a,8752,
Icn_Bond,431bf445932274ee68ab951277734fab,4820,
Icn_BP,431bf445932274ee68ab951277734fab,4820,
Icn_BP,44dd005a7073e4cc989d23c20a15d6c5,8756,
ICN_BucketWheelExcavator,ae54559f8f4fb4c1ea81361982228311,29868,
ICN_Camera,e699862f279284e94aee38b8a9c284d5,2308,
Icn_Cargo,a516be7f8a3114bcaa929b71de48e2bc,8836,
ICN_Carry_Black,7980855b20e0d4191bc6b2281e01903b,2892,
ICN_Carry_Black,80c780ec2e4b042c4aa2fd8442b832ea,16928,
Icn_Carry_Black02,05cf26456027c4c568ae111792132611,3352,
Icn_Carry_CAP,1bddba21360e54dffb5db67b1bc9403c,2692,
Icn_Carry_Gray,d68591b3801c548ca98f543b2ecb9f7a,1508,
Icn_Carry_Gray02,5883b28a4cd7e4be0993806a88d701c7,1508,
Icn_Carry_Gray03,d2e4a284837654eb59cdf27c0a696565,1512,
Icn_Carry_Orange,4adb8bee74fc6426f932b744c5be2ea2,1512,
Icn_CashStack,8fbb321fe74c2417b8872cf3af729a7d,12176,
Icn_CashStack,fc1b3602016f54e7e986b403a5bf624c,30912,
ICN_Change,1c66eaa9cdbd34d8698d5115242808c1,1596,
ICN_Check,56f8330fdca67634a8d7d9eb1d43345d,1304,
ICN_Check2,4dad8e4cd80654c408d82dafeb5d1ec9,2912,
ICN_Clock,c07ae12507c4e42d1a935b2e3cb02269,2864,
ICN_Clock_1,06cfe1de4b3ea4ec993a3d625908f449,880,
ICN_Clock_1,41e45391949014589939f2f0a6f0a8a6,10868,
ICN_Clock_2,41e45391949014589939f2f0a6f0a8a6,10868,
ICN_Clock_2,5a02f764eb60a4d589b42ced2d841d25,920,
ICN_Clock_Body,1eff07436436c4891b3f45e8aa691db3,2944,
Icn_Company_V01,2c1bfd462e6444329b9084fe89df1c55,2908,
Icn_Company_V02,dbf34e0bb65ba4bf09f5993d60121f41,2864,
Icn_ContactUs,35ac324af368d4961a57a042700d26f8,3132,
ICN_Crown,6114504829a0e4666ab316536a56f3b1,1536,
Icn_Damage,bc2544e7336a4463b9637f88904c0350,8744,
Icn_Damage,f2bba316097094cfd8bb3e1b14082243,30348,
Icn_DelayedDelivery,a1c4147cc17c845ce8487b0709043123,2984,
ICN_DrillCrusher,ace61a3e57c0c4e20836e17dfe997bca,33240,
ICN_DumpTruck,e27ced9b1fee44384a6cf871c8209f3c,31712,
Icn_Dynamite,1e6cd4ccded5f446f8f400395bcb2773,8776,
Icn_Dynamite,431bf445932274ee68ab951277734fab,4820,
Icn_Dynamite,f2bba316097094cfd8bb3e1b14082243,30348,
Icn_Dynamite_Glow,85703c7a5eb1c4838ba96f29f98b7e9e,8852,
ICN_EngineOverheat,07fae683719574350a69e6ceaeee7832,3108,
ICN_EnhancedBackpack,7084df1a625b14c1bbc84297b411ec20,32040,
ICN_Europe_Select,5757a6e9a765e460da97f88a29bbf0c4,2680,
ICN_Europe_Select,a1cc668ddb26d4ccea46bfd94d032405,3008,
ICN_Europe_Unselect,1ea8ba958ee534babb3cf360a1fea6d5,3008,
ICN_Europe_Unselect,5757a6e9a765e460da97f88a29bbf0c4,2680,
ICN_Event_Africa,bc60ce7924aca4740af58c3fe5bb2227,3504,
ICN_Event_Africa,df9eaf46d98124f88b62c057689a93af,8820,
ICN_Event_Oceania,6c17c101bcaf74221b6cb019b79d6311,8928,
ICN_Event_Oceania,bc60ce7924aca4740af58c3fe5bb2227,3504,
ICN_Event_Siberia,bc60ce7924aca4740af58c3fe5bb2227,3504,
ICN_Event_Siberia,e484193cf0d86422085ca7bc8e809468,8908,
ICN_Event_SouthAmerica,bc60ce7924aca4740af58c3fe5bb2227,3504,
ICN_Event_SouthAmerica,e9f7c6ee9268a43d8a8795c585f2850b,8924,
ICN_ExoskeletonCarrier,b4974c637101948d8b8ba856d356fa0a,31524,
Icn_ExpressDelivery,280d3bcdf9240453da7279b45f41b6da,2972,
ICN_ExpressDelivery,32bc0c5d50a784539a971b71b4e2a49c,21956,
ICN_FuelTruck,87d61846a59fd4a558dcf6c89a10592b,32116,
ICN_FullThrottle,7e5e4fcc4a0ae47eb99b00007a175f58,3104,
Icn_Gear,101f5beaab7604ebb858a920131cf028,8880,
Icn_Gear,431bf445932274ee68ab951277734fab,4820,
Icn_Gear,8fbb321fe74c2417b8872cf3af729a7d,12176,
Icn_Gear,b2dcbb5cb29aa48af91c478602b8289e,31988,
Icn_Gem,431bf445932274ee68ab951277734fab,4820,
Icn_Gem,8fbb321fe74c2417b8872cf3af729a7d,12176,
Icn_Gem,ab11440e9da13404aa71c709220a9de5,30808,
Icn_Gem,c207eeb47acac4924bb1506dd0be5e0a,8816,
Icn_Gem,f2bba316097094cfd8bb3e1b14082243,30348,
Icn_Glass,436c31f5e7b1443ec9cb5cdc1bc36a0c,51344,
Icn_Glass,9e2d628d739eb4ec79c62a143341e225,3088,
ICN_HaulTruck,a253ea57fac1f416084c804d54236903,31868,
ICN_HeavyImpact,6664c0e4ea9674da9b8d2fcff9677366,3124,
ICN_HeavyLoad,32bc0c5d50a784539a971b71b4e2a49c,21956,
ICN_HeavyLoad,a84fcf6484a4d4f019605da062cabb9a,2976,
ICN_Home,bf5fb0e9fc31745629a5bffb1b81c409,2212,
ICN_HomeArrow,6e03279c44a3147c6a96afa45b077736,1220,
ICN_Hybrid_Black,80c780ec2e4b042c4aa2fd8442b832ea,16928,
ICN_Hybrid_Black,d51378f2114e2447c9bc6d84e1712d92,3020,
ICN_HydraulicBreaker,08482221f101f4a82a9f8b7b5856387e,32036,
ICN_ImpactHauler,7767e4883f9cf438d8680ef952385464,31008,
ICN_ImpactHauler_Outline,afa80957540d04cf6aea2f3a252e5664,8852,
ICN_Infor,48f09df361ea244dda14320b91c67ff5,1204,
Icn_Inventory_V01,b57cbcf9129c04691a86e7d4f67d69f5,3024,
Icn_Inventory_V02,9601952dbee3e4e1fa66cf621c23a247,3048,
ICN_IronWill,0a8477163552c4eeda3653d889f40cb1,3112,
ICN_IronWill,32bc0c5d50a784539a971b71b4e2a49c,21956,
ICN_JackHammer,c828cb2dc7b5849f786f439ce9b57913,31600,
Icn_Land,09e5dc2cc1a9e41aab33375a36cdef5f,2936,
ICN_LargeHandDrill,abc0c81479139429282e46454f55e0c3,32036,
ICN_Lock2,caa75e296c2304731986fb99fe9c1fdd,2952,
Icn_Lock_Inner,c0263159b75e637419ee866e783c02bf,2624,
ICN_Magnifying,2136415f414904746925712d9a37b1f8,4008,
ICN_MassHiring,32bc0c5d50a784539a971b71b4e2a49c,21956,
ICN_MassHiring,ed6028d5f303c4a9c9c04bbeb9ba1a13,3020,
ICN_Mining_Black,48c01c7d92f1346d292a599212df9e58,2984,
ICN_Mining_Black,80c780ec2e4b042c4aa2fd8442b832ea,16928,
Icn_Mining_Black02,19ea2e0d717d94ba6a9940a7f0f86057,3244,
Icn_Mining_Color,ab3b3720e9e0d437ebf6cfbcefcd2a5f,1496,
Icn_Mining_DMG,8c1358c7eabfa4f2b8b5dd5283f1cd11,2692,
Icn_Mining_Gray,1a60555ad4b9c41cb90fceb3f49f097c,1632,
Icn_Mining_Gray02,c0d04fbc1285644ceabdf7e5431b94c5,1636,
Icn_Mining_Gray03,66e71e6e58d154f449e53168f62a84d0,1484,
Icn_Mining_SPD,43edec94e91c349e799bce88304d44cc,2692,
Icn_Money,431bf445932274ee68ab951277734fab,4820,
Icn_Money,6b68c9b2a51a59e45adaf14596efdd1d,8728,
ICN_NimbleExplorer,65974e788914542409a96a7753cbd5bf,3092,
ICN_NoAds,8a28807eea2824271ac3dffbf43d33ee,8752,
ICN_NoRentals,2ea8dcfc6a4524e8d8a56275b51fcfef,3320,
ICN_NoRentals,32bc0c5d50a784539a971b71b4e2a49c,21956,
ICN_NorthAmerica_Select,04327aadf84b646d7b97e8e28f3a61b5,3220,
ICN_NorthAmerica_Select,5757a6e9a765e460da97f88a29bbf0c4,2680,
ICN_NorthAmerica_Unselect,5757a6e9a765e460da97f88a29bbf0c4,2680,
ICN_NorthAmerica_Unselect,b37a7daa5571f4f10bbc285a1d7c144c,3224,
ICN_Oceania_Select,5757a6e9a765e460da97f88a29bbf0c4,2680,
ICN_Oceania_Select,8907acd9b1cb84db48e0ec73e3755c7b,3200,
ICN_Oceania_Unselect,223e1d1bf829f47d5a02dd9f4dd34b75,3200,
ICN_Oceania_Unselect,5757a6e9a765e460da97f88a29bbf0c4,2680,
ICN_Oil_Black,80c780ec2e4b042c4aa2fd8442b832ea,16928,
ICN_Oil_Black,a4029d19bd3ce49ce8f0840ff6b9bf89,2908,
Icn_Oil_CAP,85ee79b92a7c2410bbdae8d30f435592,2680,
Icn_Oil_EFF,fc5c584dd1b6a47d68ba96c2c6411c75,2680,
ICN_Permafrost,fcf516bf837214c0cbef0ea7d9e8dc0e,3088,
Icn_Piece_Common_Bg,07b3e6f04ba584076802d2499ad37cb6,496,
Icn_Piece_Common_Bg,1a6997f01a1f64c8d95ca0ae5de4874e,8788,
Icn_Piece_CommonRare_Random,6a926de1d33ba42c0bc594e47f57829d,2980,
Icn_Piece_CommonRare_Random,b90be8c093318491094e35925944eb03,8804,
Icn_Piece_Epic_Bg,07b3e6f04ba584076802d2499ad37cb6,496,
Icn_Piece_Epic_Bg,bc60ffe4354444eceb16b66890e342ca,8788,
Icn_Piece_Epic_Random,0f6a0375656c54b2cb95a16effba46c6,8800,
Icn_Piece_Epic_Random,6a926de1d33ba42c0bc594e47f57829d,2980,
Icn_Piece_Rare_Bg,07b3e6f04ba584076802d2499ad37cb6,496,
Icn_Piece_Rare_Bg,2185f0c03a9c046069d87afd7b1c38d7,8788,
Icn_Pizza,3f214812427534f8da047345860655f9,30844,
Icn_Pizza,8fbb321fe74c2417b8872cf3af729a7d,12176,
ICN_Plus,609db22ba58c94fe0936631bc4fbcc36,1132,
ICN_Plus_Result,b718e9728e1ab49319c7e6bd9b2c32b2,2464,
ICN_Quality,bf1d22a975c0a4fa6acc76223fc4802b,3088,
Icn_Quarry_V01,50927355ec0ca47dba15128d53998dc0,3296,
ICN_QuickStrike,896eaae779ef24ae6a828b9a87c42861,3104,
ICN_RedDot,390c3acacfcde47e4a85c7f18cb3e32b,1476,
ICN_RedDot_Big,9cec938bc951e49ce9df464a6a5a9bc4,1456,
Icn_Refund,e4433eb42cba5445c960d27d98678a44,3412,
Icn_ResearchPoint,431bf445932274ee68ab951277734fab,4820,
Icn_ResearchPoint,f3b943ac8aa914a95a3aded12211f6af,8756,
Icn_Restore,1f827ef538edb474e82e6fc89837028d,3448,
Icn_Reward,d6219461c8e6b4690804520589ae3e2e,2948,
ICN_RollerCrusher,158f53ab89ea249a5b4468a847225e69,32492,
ICN_Secre_00,431bf445932274ee68ab951277734fab,4820,
ICN_Secre_00,ca97fa95c4dd0458880f67281231a6d8,9036,
ICN_Secre_01,2a1a8003efa5848db9a598dba9d022a9,8724,
ICN_Secre_01,431bf445932274ee68ab951277734fab,4820,
ICN_Secre_02,1acb20b5c2c834fa4b861b19b4318ea7,8912,
ICN_Secre_02,431bf445932274ee68ab951277734fab,4820,
ICN_Secre_03,1931a1af0046c42b295bbade3bf09cf9,9148,
ICN_Secre_03,431bf445932274ee68ab951277734fab,4820,
ICN_Secre_04,431bf445932274ee68ab951277734fab,4820,
ICN_Secre_04,c31f9575796a74916a1128be055ce79e,9068,
ICN_Secre_05,05d2ca4c8268d41fea40f0b603e0a705,8768,
ICN_Secre_05,431bf445932274ee68ab951277734fab,4820,
ICN_Secre_06,431bf445932274ee68ab951277734fab,4820,
ICN_Secre_06,8406efd984beb45439d77b51d5748751,8772,
ICN_Secre_07,431bf445932274ee68ab951277734fab,4820,
ICN_Secre_07,5ea2b7cdec1b4490a8670f9a82380e79,8808,
ICN_Secre_08,431bf445932274ee68ab951277734fab,4820,
ICN_Secre_08,fb42c52d8987544fda615ddcec7d9b6d,8764,
ICN_Secre_09,431bf445932274ee68ab951277734fab,4820,
ICN_Secre_09,ced54f556c2c94ee6be826896163c6ec,8964,
ICN_Secre_10,b88061aae980c4215a9067b1d748a9ce,8772,
ICN_Secre_11,149cccedefea642e69e8ec3dd96c5de6,8864,
ICN_Secre_12,c542cebd0318541a092f3cafde157a39,8736,
ICN_Secre_13,0bd63877276d142a98d79deeae22ddb5,8960,
ICN_Secre_14,d7f3b4f71929c44f5870d2aee346431a,8744,
ICN_Secretariat_04,34d211772ab9742eaba426caad4018ba,8732,
ICN_Setting,5e710eb32a4b74654a7fdaf6599ff436,2280,
ICN_SFX,f8c8f8680b43b4ffb8ab58c6f7c69a21,2960,
ICN_SharpEdge,32bc0c5d50a784539a971b71b4e2a49c,21956,
ICN_SharpEdge,7d4baebd1ffe848bfb7b5ddb08bfea29,2964,
Icn_Shop_V01,15a70a877abe44db797784fbc4bf6630,2960,
Icn_Shop_V02,8e191574a0c6f451a9f683a264c214ec,3244,
ICN_SledgeHammer,50b959d0968694b8a9b8796030fdb4b4,30564,
ICN_Sort,59aeab5552d5944d398797217070ecc8,1716,
ICN_SouthAmerica_Select,5757a6e9a765e460da97f88a29bbf0c4,2680,
ICN_SouthAmerica_Select,5c0639084f9c644ddab2374ff0b32920,2960,
ICN_SouthAmerica_Unselect,04812b65409264cda85d559ec0eede3a,2964,
ICN_SouthAmerica_Unselect,5757a6e9a765e460da97f88a29bbf0c4,2680,
Icn_SPD,a3ff1265f373841599487eaeaaf91318,2676,
Icn_Speed,42e3c6347704141f19fa14488d130641,8780,
Icn_Speed,f2bba316097094cfd8bb3e1b14082243,30348,
Icn_STA,f3ab80c38a04046fda05a5877cfb9e2e,2676,
ICN_StageInfo,60bcbd42bbabd4f57b4f43fd61950c3e,1772,
ICN_Star_Color,11992ceeb0dfd4e76a9a311c1e75652f,1576,
ICN_Star_DarkGray,3b6a0e75a99194b84a3e5ece882b7bcc,1544,
ICN_Star_LightGray,4dc28bdaeb6414d398b857bca102bad4,1544,
Icn_Support,b2437faa381d04fa58beb5d22637deae,3040,
Icn_ThumbsUp,0bd7be8586f1a47d280cda761752a163,1512,
ICN_Tri,f6089c2a520854f8fb299dc5b778a1e9,1432,
Icn_Triangle,c377a337936454b30879303ae21c53a7,1392,
ICN_UnstableGround,235c11616dbb64efc9599acc1f46033f,2968,
ICN_Vibration,8b41152e268764b7fbb55a0b3f93268e,2908,
ICN_Warning,eff54979e1ae34eb497b113ff8039983,1540,
ICN_WheelBarrow,31bccf9212fae463c95ba625056b8a70,29860,
ICN_WheelLoader,7494e56ab590e4f7bb1b8644ac9cb84e,29860,
Img_Black_Half,5a9475377fc0d4edbb660db2fa3a7840,15932,
Img_Blue_Half,8cce136b73d2f492eacefdde007a6a22,15932,
Img_Box_Blue,e1b3f2e8b343d442383a54c92e8d34da,8776,
Img_Box_Blue_Dimed,542beb98ce9bc4168b84adadd57f0956,8836,
Img_Box_Yellow,b7fe88a323c9d4624984a88b40882899,8852,
Img_Box_Yellow_Dimed,2b169f9bcd3ba451f9388f8d4930b803,8808,
Img_Buff,8b5aadae16f864eb8ab307cc1b809394,9592,
Img_Clip,2177d51f21a4741da8c02b79a6a40427,8756,
Img_Company_Chains_L,3bdbd3cbce37f4b2d96e7e89f57e6db3,3000,
Img_Company_Chains_R,16ec8448b2e28409887fe9e47410cc8d,3144,
Img_Company_Lock,5881d94c62feb44048f844604c7fe4d4,2972,
Img_Company_Lock_unused,90b97c45ba8354a84a45845fa793cdcc,9020,
Img_Company_Text,494996a7e19fa41f7abc5f8b31cd7e74,25460,
Img_Confetti_All,8be34ec7b93cd4812988d9043b01a6ec,5628,
Img_Confetti_All_0,8be34ec7b93cd4812988d9043b01a6ec,5628,
Img_Confetti_All_1,8be34ec7b93cd4812988d9043b01a6ec,5628,
Img_Confetti_All_2,8be34ec7b93cd4812988d9043b01a6ec,5628,
Img_Confetti_All_3,8be34ec7b93cd4812988d9043b01a6ec,5628,
Img_Debuff,29d23fdebbf89487cbc117a88bcb3492,9812,
IMG_DynamiteIcon,23eb6a90f93444455a5c5c283cc0abe4,46848,
IMG_DynamiteIcon,e07f1d5ef178d43378683cd31bbb29e4,233300,
Img_DynamiteKit,d91f6c39e6bf6447b9ffe47d0b3bcaa8,114440,
Img_Event_Complete_Bob,6354632eca4ef42f7b9ba684f8295826,61044,
Img_Event_Mining_Bob,691e1ed379bc941cb8b104a98a365148,81316,
Img_Event_Reward_Tail,c630b9b0ef3104da59980bf07371e247,1148,
Img_Event_Reward_Tail_Glow,21858acf516b34b2dbd37ed56697fa15,4016,
Img_Event_Reward_Tail_Green,a84c66a11d87344fb8341d4270219e10,1152,
Img_File_Easy,3da9c3812f30f49bab61fb212cf8f100,780,
Img_File_Easy,d6a47294e5e1a42aaa2a8efa60bea715,16160,
Img_File_Hard,3da9c3812f30f49bab61fb212cf8f100,780,
Img_File_Hard,4c51daa156631434f9799344353ed487,16160,
Img_File_Normal,3da9c3812f30f49bab61fb212cf8f100,780,
Img_File_Normal,e28345cff5e5d497fa822b81c8d06d33,16160,
Img_File_VeryHard,3da9c3812f30f49bab61fb212cf8f100,780,
Img_File_VeryHard,87045bc64c2fc42cd911ceeb1199ead1,16176,
Img_FrameDust,83941d6700a184eb2980b6bc16e88293,26316,
Img_Green_Half,4ac4d9090da924901b78a4b8062261cc,15932,
Img_Info,d4ff544a0219e4945a6ad8efd80d17b2,4840,
Img_Onboarding,3c0b10ad7cb5947c683c32d2b2ef32d4,112536,
Img_Paper,406e2543dff17480c813a5133fe47265,119120,
Img_Piece_Light,3df2a1d7032734dc9a8d9a8b9474e563,8984,
Img_Piece_Mask,e345dc5b6f3454c418a287a80052df17,26548,
Img_Popup,8d9a7d11ac46447d68c6493f829bcdcf,39056,
Img_Result,a63f3e6c033a14dd695328e176bf7177,121520,
Img_Reward,31ff20b1413f546be82b7028fd68424a,52128,
Img_Reward_Title_BG,a41e01e89db7e4b708de12cf575e1cc7,15228,
Img_Seal_Approved_2,538837bb28e2d49658be89becabce753,9000,
Img_Shop_OnetimeOffer,8aaf3c183e830494296b486339187d58,8956,
Img_Skin_Black,bc60ce7924aca4740af58c3fe5bb2227,3504,
Img_Skin_Black,d53e9cd9233c74deca17521c33724332,31060,
Img_Skin_Blue,bb6ab06555fc542e99514d3c5eb1d4e4,36724,
Img_Skin_Blue,bc60ce7924aca4740af58c3fe5bb2227,3504,
Img_Skin_Green,493feb419f18345d984ab60a4b289e61,38428,
Img_Skin_Green,bc60ce7924aca4740af58c3fe5bb2227,3504,
Img_Skin_Yellow,bc60ce7924aca4740af58c3fe5bb2227,3504,
Img_Skin_Yellow,e3d0ca218de62419fb0513cdc141f49e,41404,
Img_Stage,0adda8e4015b14044a337c762520f7c9,13444,
Img_Txt_ChineseSimplified,7c66a4c87e2fe4ed39ae9997e8c6bb30,3224,
Img_Txt_ChineseTraditional,9d56af239d1ee4d4495861b29232bb6a,3276,
Img_Txt_English,dc64fd6efc2594bfbbac9fae714721af,3208,
Img_Txt_French,e405bb641c7614e3dbb82fb16731c7a7,3256,
Img_Txt_German,15c91bc9af5654372bc7b2d771bf18af,3196,
Img_Txt_Japanese,4a22d45e33cd84c02a28eb17fa449a79,3156,
Img_Txt_Korean,87dc8295ddd4348499b339444dc2ee30,3132,
Img_Txt_Polish,7a7e022e4f9904f8ea396f6455efd736,3112,
Img_Txt_Portuguese,0682624e5b795400d965a190287b810b,3236,
Img_Txt_Russian,1d0d914723a5c4b8580b9504291488a6,3240,
Img_Txt_Spanish,b060b79a3d3f74e029c0503fd8976c43,3192,
Img_Txt_Turkish,2072b6cced07f4cb7bc80d422bbc7b2c,3256,
Img_Yellow_Half,c52d305ec7fd04fad9f42cb8c06483df,15932,
ImpactHauler,3023d6709fd1245ae84c347ed9d9589e,1884,
ImpactHauler,3261842c338944b2abf1886b0e59fcef,17264,
ImpactHauler,7abdd41f2edc2475da9b6286dd14d4c6,20512,
ImpactHauler,7f441be37d01a4cdf975a5e4bcebb23a,3512,
ImpactHauler,80c780ec2e4b042c4aa2fd8442b832ea,16928,
ImpactHauler,f4f9c7ebe2dbd4114929991d86c218bd,131044,
ImpactHauler_Body,8187c5747a8ef4ab088716099b1bd8bf,1047632,
ImpactHauler_Body,f4f9c7ebe2dbd4114929991d86c218bd,131044,
ImpactHauler_Body_Whole,f4f9c7ebe2dbd4114929991d86c218bd,131044,
ImpactHauler_Dig,9c1b792a55b854768b9290ff65c8de2d,4828,
ImpactHauler_Idle,d1a62f28cfe2b4cfb849fdaadbf4b232,2724,
ImpactHauler_Move,c5febd112e421470ebfbac734d6bf936,4424,
ImpactHauler_Parts,8187c5747a8ef4ab088716099b1bd8bf,1047632,
ImpactHauler_Parts,f4f9c7ebe2dbd4114929991d86c218bd,131044,
ImpactHauler_Trunk,8187c5747a8ef4ab088716099b1bd8bf,1047632,
ImpactHauler_Trunk,f4f9c7ebe2dbd4114929991d86c218bd,131044,
ImpactHaulerCell,3261842c338944b2abf1886b0e59fcef,17264,
ImpactHaulerCell,7abdd41f2edc2475da9b6286dd14d4c6,20512,
InAppShopAdSkipTicketCell,e570486e00d5441f6af349dd3374fbac,6344,
InAppShopAdSkipTicketCell,globalgamemanagers.assets,558184,
InAppShopBizPointCell,d4c66f623eac64a53a07f053161da50b,13560,
InAppShopDailyGemCell,7613d0c1afb1545b0a448f2d2b41d0ba,20740,
InAppShopDailyGemCell,globalgamemanagers.assets,558184,
InAppShopDailyGemDimButton,7613d0c1afb1545b0a448f2d2b41d0ba,20740,
InAppShopDailyGemDimScreen,7613d0c1afb1545b0a448f2d2b41d0ba,20740,
InAppShopDailyGemTarget,7613d0c1afb1545b0a448f2d2b41d0ba,20740,
InAppShopDynamitePack,f8cf698b9cdc5416eab1e5d2386f6af2,7440,
InAppShopDynamitePack,globalgamemanagers.assets,558184,
InAppShopGearCell,9b1002c2ed2634c71adfcd114fee8842,13560,
InAppShopGemCell,c00fa822e504c4164aad66e3629523d6,12228,
InAppShopGemCell,globalgamemanagers.assets,558184,
InAppShopResearchPointCell,ef941a7b524ca4c8f92bba6fda6ad1e2,13564,
JackHammer,0441fef74fcc94a8d85b0e7538009273,840,
JackHammer,7a171612d947347879795ab4377af40e,974864,
JackHammer,87ee20931d3844a1862f7dc520cb31eb,1621712,
JackHammer,97f11c691d6114d799a7580b41ec8965,1613804,
JackHammer,9a0107265c0dc44cc9193e0b26e33be9,1680,
JackHammer_Body,7a171612d947347879795ab4377af40e,974864,
JackHammer_Body,87ee20931d3844a1862f7dc520cb31eb,1621712,
JackHammer_Body,90e1b7a0c1aa54dd3a5d7fabd45b3b71,72496,
JackHammer_Body,97f11c691d6114d799a7580b41ec8965,1613804,
JackHammer_Body,9a0107265c0dc44cc9193e0b26e33be9,1680,
JackHammer_Dig,2c1bc70be1e9348faba847b980cb56c3,3012,
JackHammer_Drill,7a171612d947347879795ab4377af40e,974864,
JackHammer_Drill,87ee20931d3844a1862f7dc520cb31eb,1621712,
JackHammer_Drill,90e1b7a0c1aa54dd3a5d7fabd45b3b71,72496,
JackHammer_Drill,97f11c691d6114d799a7580b41ec8965,1613804,
JackHammer_Drill,9a0107265c0dc44cc9193e0b26e33be9,1680,
JackHammer_Idle,bb89b54884dbf4ff9b390b6f58eed532,2780,
JackHammer_Whole,7a171612d947347879795ab4377af40e,974864,
JackHammer_Whole,87ee20931d3844a1862f7dc520cb31eb,1621712,
JackHammer_Whole,97f11c691d6114d799a7580b41ec8965,1613804,
JackHammer_Whole,9a0107265c0dc44cc9193e0b26e33be9,1680,
M_Dynamite,cec11b379483c4d9f917a0e0bb6518ac,2912,
M_ICN_DrillCrusher,600eab33670ef492fa648a2b5a37be88,1096,
M_ICN_DrillCrusher,98f96f5f451124a3499a04dd51985f45,1096,
M_ICN_DumpTruck,399ad3dd38c874ad59b0383922e731e7,1092,
M_ICN_DumpTruck,ae8a93d22721642a49846469eadb1d07,1096,
M_ICN_HaulTruck,0dd011775e38f4875959bedfa917be9b,1092,
M_ICN_HaulTruck,109ac43789a2b451381bbac4d2c16548,1096,
M_ICN_HydraulicBreaker,33a76638b61374f7db5e6519eb968c84,1100,
M_ICN_HydraulicBreaker,75eb19c61e0f5443b8eed387fc7cf2c5,1100,
M_ICN_JackHammer,606eb612e6c714c5ea251f978a2aaf3e,1092,
M_ICN_JackHammer,98f6cae5920204afcbe259161aad3d19,1096,
M_ICN_RollerCrusher,6933b4a88bec14a87a28dcb2c9d6c93e,1096,
M_ICN_RollerCrusher,efda835867cb44fa0b85dd20baf5da87,1100,
M_ICN_WheelLoader,3ac803c40593c4c0f94a7b2c977450a8,1096,
M_ICN_WheelLoader,69bcd23d078ab4eef92ededae2fb7352,1096,
M_Secretary_01,2b638316cb5fe4af0ad25085635d3340,2916,
M_Secretary_02,6c89d39ce5a194c4d9f6a4eee6c221a9,2916,
M_Secretary_03,e8b2e1a2f850b4a289364bf5346a2304,2916,
M_Secretary_04,ba05ce068050e449296d67c8c445f696,2916,
M_Secretary_05,e87a62668b98540849ca433249f2ec18,2916,
M_Secretary_06,4c13abbe482064af283bf457a08c8d99,2916,
M_Secretary_07,dee936eecae314930ab66275000811f6,2916,
M_Secretary_08,6037198d1b03d4223951317419b49f78,2916,
M_Secretary_09,343dc45fd60b445e98133e770b62f493,2916,
M_Secretary_10,53168f4dcb4e445fe8c0a894a3c1ad9f,2916,
M_Secretary_11,c48000ea27751452db77b9bc36ed321c,2916,
M_Secretary_12,b36770fa48fee4228b36f453015a01cb,2916,
M_Secretary_13,2249d13b1782344f78e0d161f33d99d1,2916,
M_Secretary_14,ba7235ad78853480ebfd07918ab2a8cf,2916,
M_Secretary_Tablet,36131da97e08547be91cee6a95c9dea0,2920,
nGear,c06733cfb197a47c186408743b6ec828,430632,
OnboardingItem_DynamiteThrow,globalgamemanagers.assets,558184,
OnboardingItem_PurchasedImpactHauler,globalgamemanagers.assets,558184,
PlaceMarker_DrillCrusherSiberia,5d3f7f6c203c348428b41066487f980f,484,
PlaceMarker_HydraulicBreakerAsia,10f2752afe66648c8a9c984b98cfc715,484,
PlaceMarker_RollerCrusherAfrica,c690ff9df9ff2444bb1f85a7d1db98b3,484,
PlaceMarker_RollerCrusherSouthAmerica,e5e0c1441c12d41ca95febebcdff5aae,492,
Player_Dynamite_Throw,c3694612909264d089832ca20f089fe7,55080,
Player_JackHammer,17739800adbcf42e0ab21f7fd14cd576,624,
Player_JackHammer_Dig,8d38c862143734444989471742c3fe51,12632,
Player_JackHammer_Dig,9b882a86d95a84cf98af008b4354b0f6,15252,
Player_JackHammer_Idle,97885060d1a6a4ec6be72b59f533a995,20624,
Player_JackHammer_Idle,9b882a86d95a84cf98af008b4354b0f6,15252,
Player_JackHammer_Move,63d08ceb0bbdc4f1da166257b584baf7,44428,
Player_JackHammer_Move,9b882a86d95a84cf98af008b4354b0f6,15252,
qhbE6YVl3bBSFvfLqOvqvGemzaKavlP,1a4fd99cd79374516b56f74f725fe529,195156,
RollerCrusher,35824f94e8abbd24189052ea5f6ce161,1304,
RollerCrusher,80c780ec2e4b042c4aa2fd8442b832ea,16928,
RollerCrusher,87ee20931d3844a1862f7dc520cb31eb,1621712,
RollerCrusher,97f11c691d6114d799a7580b41ec8965,1613804,
RollerCrusher,bfee5dce35a3641f99dcb37adf375a60,147924,
RollerCrusher,cdd11004d35ae435b83ab4bae50ab412,147928,
RollerCrusher,f6b0c88127c35437392caf83f32b07d6,147936,
RollerCrusher_Africa,80c780ec2e4b042c4aa2fd8442b832ea,16928,
RollerCrusher_Africa,bfee5dce35a3641f99dcb37adf375a60,147924,
RollerCrusher_Dig,3cca03ddc53bf004f89dba4fbe6fdf59,7760,
RollerCrusher_Idle,b10aae9c1982dc0498922feaac341ac3,3172,
RollerCrusher_SouthAmerica,80c780ec2e4b042c4aa2fd8442b832ea,16928,
RollerCrusher_SouthAmerica,f6b0c88127c35437392caf83f32b07d6,147936,
RoofTop_Gear,1285cc8d0a9804ad09afb1bfc39653c5,786020,
RoofTop_Gear,2c365b90c250342cb8f958db3633a239,2394668,
Secretary_00,5a9ce258b1eb84c3b80e2c2faa8d5101,9048,
Secretary_00,f8b75986bba364c59b8ecf6e68f056d4,4416,
Secretary_01,6a6bf126280864417b4b9191e1ec2952,13224,
Secretary_01,7a171612d947347879795ab4377af40e,974864,
Secretary_01,e87b1548689af4d8b9197712c16dd4cf,12608,
Secretary_01,f8b75986bba364c59b8ecf6e68f056d4,4416,
Secretary_02,2bf6983bc4fc54ae89e0e90e1f0456a2,13744,
Secretary_02,7a171612d947347879795ab4377af40e,974864,
Secretary_02,8ab8afa4ea74849c9842ca3e97fde7b5,12544,
Secretary_02,f8b75986bba364c59b8ecf6e68f056d4,4416,
Secretary_03,638df22ab9d2f4251a62ec4b23c01238,12072,
Secretary_03,6f8e658f66ebb4afd911231a259de2fc,7528,
Secretary_03,6fd6624c8a39342ab9b844a05ec3c009,706404,
Secretary_03,7a171612d947347879795ab4377af40e,974864,
Secretary_03,f8b75986bba364c59b8ecf6e68f056d4,4416,
Secretary_04,5987fc04621044678868cb035f71fdeb,7528,
Secretary_04,6f8e658f66ebb4afd911231a259de2fc,7528,
Secretary_04,7a171612d947347879795ab4377af40e,974864,
Secretary_04,f8b75986bba364c59b8ecf6e68f056d4,4416,
Secretary_04,faa76aa3068f44e17b647a88ba1c8e82,789384,
Secretary_05,1fd73c763627145659856b29642e6b54,612888,
Secretary_05,438661effd30a40d2a19c191e7559675,775912,
Secretary_05,638df22ab9d2f4251a62ec4b23c01238,12072,
Secretary_05,7a171612d947347879795ab4377af40e,974864,
Secretary_05,9b1ad2188086b48089188233fd5af08b,12608,
Secretary_05,e87b1548689af4d8b9197712c16dd4cf,12608,
Secretary_05,f8b75986bba364c59b8ecf6e68f056d4,4416,
Secretary_06,7a171612d947347879795ab4377af40e,974864,
Secretary_06,8ab8afa4ea74849c9842ca3e97fde7b5,12544,
Secretary_06,ad8700ab18e2d4ebda057879e8cac2cf,806972,
Secretary_06,c15bf4a0ad72f495d88a4aa4a38a9e6d,12544,
Secretary_06,f8b75986bba364c59b8ecf6e68f056d4,4416,
Secretary_07,4fab5186c3df543ce992b1d4a1108df9,830744,
Secretary_07,5987fc04621044678868cb035f71fdeb,7528,
Secretary_07,6a6bf126280864417b4b9191e1ec2952,13224,
Secretary_07,7a171612d947347879795ab4377af40e,974864,
Secretary_07,f8b75986bba364c59b8ecf6e68f056d4,4416,
Secretary_08,2bf6983bc4fc54ae89e0e90e1f0456a2,13744,
Secretary_08,7a171612d947347879795ab4377af40e,974864,
Secretary_08,7f8d700ea39334dcb8f049f8ee157c8d,621924,
Secretary_08,f8b75986bba364c59b8ecf6e68f056d4,4416,
Secretary_09,2ddf678f4ccee45b78753402fd9aeddc,15440,
Secretary_09,5812f203c11be4cf18576c3c7effdbed,695900,
Secretary_09,7a171612d947347879795ab4377af40e,974864,
Secretary_09,c15bf4a0ad72f495d88a4aa4a38a9e6d,12544,
Secretary_09,f8b75986bba364c59b8ecf6e68f056d4,4416,
Secretary_10,2ddf678f4ccee45b78753402fd9aeddc,15440,
Secretary_10,3b6943a7add28413fab28f92a1205d80,559312,
Secretary_10,7a171612d947347879795ab4377af40e,974864,
Secretary_10,9b1ad2188086b48089188233fd5af08b,12608,
Secretary_11,718f952b6a818498282739debd4b4b1c,7528,
Secretary_12,3dd3aa2b9ac804e7f94349b39fcee0a0,12072,
Secretary_13,2bda946e5a92e4343ad6d85dfa6fba3a,9048,
Secretary_14,87e76a6c8d73341fc8c8478198b7fe35,13576,
Secretary_Company,23a39566b36944955b2c47fb73ba4aba,608,
Secretary_Company_00,878a9cb0c21a54033aef8c314fd734b8,320,
Secretary_Company_01,818d8cca17c9f4b069abc655df652209,368,
Secretary_Company_02,92fc5b4257e5d4ce4bfc60455f25f4fc,368,
Secretary_Company_03,4e1ad3d515fe747e893ddde0b52c2685,368,
Secretary_Company_04,a7836fce10ef0448dae4dff0259d1160,320,
Secretary_Company_05,cae37b7ad30ff4d51be86833a2459a5e,320,
Secretary_Company_06,8e83118f0375342a4b8505514f709de7,368,
Secretary_Company_07,014bd2bd5cb3b4e39bae2e7a38847820,320,
Secretary_Company_08,698efd053507d40caab2ce544e981e95,320,
Secretary_Company_09,1077ccbea769f4d1199b482a25b4e50f,368,
Secretary_Company_10,2d9a18bdc7be5410b8908ebaa4733e81,368,
Secretary_Company_11,3201b7534fcaf4c359c8cc4224661f62,368,
Secretary_Company_12,7ca4ee5b495fb45d0b7c3e76dc34c11a,368,
Secretary_Company_13,0b9358a86ef4a4f7e8c63f79ef42718b,368,
Secretary_Company_14,e2e8ce679d6884a3b8bd063d493c3987,320,
Secretary_Company_Idle_01,41ab9958e2a0c4970a597addeb274ba9,25884,
Secretary_Company_Idle_02,8bcd5a13717af49498a5602a79d29ef5,27096,
Secretary_Company_Idle_03,d35725be15c8340fb9b0fe1e611636ca,25532,
Secretary_Company_Idle_04,dd02c017d73e74d5f9d30601d4fc292d,26932,
Secretary_Company_Idle_05,c831b6b953536449d801c8b436bff5d5,22460,
Skin_DrillCrusher,862bec9ba22c047a388c07dd5c44d11e,155844,
Skin_DrillCrusher,e3aea8e7041bd47c29950dff061f5008,155852,
Skin_DumpTruck,64fb295d19fd2484892b0563684e3173,138484,
Skin_HaulTruck,83aaf43eecf3a4a0bbe2041c998005a8,154116,
Skin_HydraulicBreaker,6b0ab93e950124f54a51b360e4bc3b41,151836,
Skin_HydraulicBreaker,a22c327635f4d4d048e1051c562cbc75,151844,
Skin_ImpactHauler,f4f9c7ebe2dbd4114929991d86c218bd,131044,
Skin_RollerCrusher,bfee5dce35a3641f99dcb37adf375a60,147924,
Skin_RollerCrusher,cdd11004d35ae435b83ab4bae50ab412,147928,
Skin_RollerCrusher,f6b0c88127c35437392caf83f32b07d6,147936,
Skin_WheelLoader,21e654c0fc0234c97967f454b89b0ab7,139596,
TMP_DynamiteCount,23eb6a90f93444455a5c5c283cc0abe4,46848,
TMP_DynamiteCount,e07f1d5ef178d43378683cd31bbb29e4,233300,
TN_5,f2ce6fcb6ff7d4ee397f2b62b851aebd,529612,
TN_AD_Damage,32bc0c5d50a784539a971b71b4e2a49c,21956,
TN_AD_Damage,8fbb321fe74c2417b8872cf3af729a7d,12176,
TN_AD_Damage,e44eeb2cbab6f44f68dbffbfecde61a3,32456,
TN_AD_Furnace,32bc0c5d50a784539a971b71b4e2a49c,21956,
TN_AD_Furnace,3411d64c2728146afaae9a0909f62156,30772,
TN_AD_Magnet,32bc0c5d50a784539a971b71b4e2a49c,21956,
TN_AD_Magnet,62d224e0fad814cd5972b69bca388af8,30912,
TN_AD_Magnet,8fbb321fe74c2417b8872cf3af729a7d,12176,
TN_AD_Speed,32bc0c5d50a784539a971b71b4e2a49c,21956,
TN_AD_Speed,884cd69ec29d54266bc39c690b5e8d80,31472,
TN_AD_Speed,8fbb321fe74c2417b8872cf3af729a7d,12176,
TN_AdTicket_01,2528b0a3b837046028baf67d24cfa793,30644,
TN_AdTicket_01,f2bba316097094cfd8bb3e1b14082243,30348,
TN_AdTicket_02,1d7fd65c10ad343cab15e9c2833e7f04,30736,
TN_AdTicket_02,f2bba316097094cfd8bb3e1b14082243,30348,
TN_AdTicket_03,c74c9f01cde574243928646bfe7488d8,30832,
TN_AdTicket_03,f2bba316097094cfd8bb3e1b14082243,30348,
TN_AdTicket_04,5e4d9c0ee32614431b277d82abb1c6c3,31104,
TN_AdTicket_04,f2bba316097094cfd8bb3e1b14082243,30348,
TN_ATV,7cefec129d9d54de7b97c08d0ed2bffd,31212,
TN_ATV,80c780ec2e4b042c4aa2fd8442b832ea,16928,
TN_ATV,e3ca00e83b5e64a05a3869fbbd9729f4,11260,
TN_ATV_Outline,823a07044b377421fa5f5cc0d6e8bca4,31096,
TN_Bond_01,2584b1420f7bd4c4c90772787a74cc00,30584,
TN_Bond_02,ea94642826f6b495e8857b448e64f6a7,30776,
TN_Bond_03,ac9f0ed78da234e7288842683699536f,30832,
TN_BP_01,8b56454f235104b678b9afff1b92888e,30596,
TN_BP_01,f2bba316097094cfd8bb3e1b14082243,30348,
TN_BP_02,9774b67ab011c4cf9aec220af1ef26e0,30712,
TN_BP_02,f2bba316097094cfd8bb3e1b14082243,30348,
TN_BP_03,42da49457d33f4c1ca4acf98b5e0bdbe,31076,
TN_BP_03,f2bba316097094cfd8bb3e1b14082243,30348,
TN_BucketWheelExcavator,80c780ec2e4b042c4aa2fd8442b832ea,16928,
TN_BucketWheelExcavator,ab58018919c2d4d61a37dd4fb57f4e12,30996,
TN_BucketWheelExcavator,e3ca00e83b5e64a05a3869fbbd9729f4,11260,
TN_CashVault,7dd9b1565acdb4c44a783351c079f646,31188,
TN_CashVault,8fbb321fe74c2417b8872cf3af729a7d,12176,
TN_Combo,023cf232d8a764489ac658008c96531e,2908,
TN_Combo,32bc0c5d50a784539a971b71b4e2a49c,21956,
TN_DrillCrusher,80c780ec2e4b042c4aa2fd8442b832ea,16928,
TN_DrillCrusher,af9fdde8814ec4dc499fdb95ef353782,31128,
TN_DrillCrusher,e3ca00e83b5e64a05a3869fbbd9729f4,11260,
TN_DrillCrusher_Siberia,52a6e88c849d84ba29ef73cd9ec8b8a6,31068,
TN_DrillCrusher_Siberia,80c780ec2e4b042c4aa2fd8442b832ea,16928,
TN_DrillCrusher_Siberia,e3ca00e83b5e64a05a3869fbbd9729f4,11260,
TN_DumpTruck,80c780ec2e4b042c4aa2fd8442b832ea,16928,
TN_DumpTruck,9113c734a81154a20824ecc906f3ad16,31076,
TN_DumpTruck,e3ca00e83b5e64a05a3869fbbd9729f4,11260,
TN_EnhancedBackpack,7e28f9702ad444910a9001ccdcfeaccd,32548,
TN_EnhancedBackpack,80c780ec2e4b042c4aa2fd8442b832ea,16928,
TN_EnhancedBackpack,e3ca00e83b5e64a05a3869fbbd9729f4,11260,
TN_ExoskeletonCarrier,80c780ec2e4b042c4aa2fd8442b832ea,16928,
TN_ExoskeletonCarrier,d4d0f7602eb644ce4898508467b48bad,32056,
TN_ExoskeletonCarrier,e3ca00e83b5e64a05a3869fbbd9729f4,11260,
TN_FuelTruck,80c780ec2e4b042c4aa2fd8442b832ea,16928,
TN_FuelTruck,8343ecc2c1100466e8b3949b5ad65cc1,31236,
TN_FuelTruck,e3ca00e83b5e64a05a3869fbbd9729f4,11260,
TN_Furnace,12c03d170d76efe41bf11ca589f53515,30944,
TN_Furnace,e3ca00e83b5e64a05a3869fbbd9729f4,11260,
TN_Gear_01,82ffe44a50884404abf27e722393d79b,30772,
TN_Gear_01,f2bba316097094cfd8bb3e1b14082243,30348,
TN_Gear_02,05aa0e567350746e481610f56b73676d,31080,
TN_Gear_02,f2bba316097094cfd8bb3e1b14082243,30348,
TN_Gear_03,717fb6807448049318d90e9ce1b922ba,30944,
TN_Gear_03,f2bba316097094cfd8bb3e1b14082243,30348,
TN_GearCrate,8bed03565315d45298d5ae237626a346,33556,
TN_GearCrate,8fbb321fe74c2417b8872cf3af729a7d,12176,
TN_GemVault,8fbb321fe74c2417b8872cf3af729a7d,12176,
TN_GemVault,f06d3f8b038ba47f188e92919a3d55e2,31076,
TN_HaulTruck,80c780ec2e4b042c4aa2fd8442b832ea,16928,
TN_HaulTruck,87783022dc7ce40eaa76c3c16f8e299b,31360,
TN_HaulTruck,e3ca00e83b5e64a05a3869fbbd9729f4,11260,
TN_HydraulicBreaker,80c780ec2e4b042c4aa2fd8442b832ea,16928,
TN_HydraulicBreaker,e3ca00e83b5e64a05a3869fbbd9729f4,11260,
TN_HydraulicBreaker,f07d61cd6dcb64f54995386662df9e72,31620,
TN_HydraulicBreaker_Oceania,80c780ec2e4b042c4aa2fd8442b832ea,16928,
TN_HydraulicBreaker_Oceania,b95f048e143ea4ebd827009c3a1bd1c0,31620,
TN_ImpactHauler,80c780ec2e4b042c4aa2fd8442b832ea,16928,
TN_ImpactHauler,83e55250842f54c488ecade0e9de6cb7,121416,
TN_ImpactHauler,d57097ccc727c48b7822add6f548a2eb,32820,
TN_Ingot_Amber,4a88c13655956498892584827b11e1e4,10192,
TN_Ingot_Amber,582c2336be3a54943a98ff0baf8065fe,2944,
TN_Ingot_Amber,c468799309d044732b9d9380b8a91101,56180,
TN_Ingot_Amethyst,4a88c13655956498892584827b11e1e4,10192,
TN_Ingot_Amethyst,6ac18d02df8f4450b8ee62a5c7da2ce7,2984,
TN_Ingot_Amethyst,c468799309d044732b9d9380b8a91101,56180,
TN_Ingot_Aquamarine,4a88c13655956498892584827b11e1e4,10192,
TN_Ingot_Aquamarine,609f74ad9ee8949a9aa0cc448c0c8c9d,2888,
TN_Ingot_Aquamarine,c468799309d044732b9d9380b8a91101,56180,
TN_Ingot_Basalt,4389ac95ceb8c43d4af9e562b2d37247,2916,
TN_Ingot_Basalt,4a88c13655956498892584827b11e1e4,10192,
TN_Ingot_Basalt,c468799309d044732b9d9380b8a91101,56180,
TN_Ingot_Bismuth,4a88c13655956498892584827b11e1e4,10192,
TN_Ingot_Bismuth,bfdb0356cae05404ab4524b6e526d3ae,2908,
TN_Ingot_Bismuth,c468799309d044732b9d9380b8a91101,56180,
TN_Ingot_Bronzite,098c63d5efa344495a1ecbccc2f276b2,2944,
TN_Ingot_Bronzite,4a88c13655956498892584827b11e1e4,10192,
TN_Ingot_Bronzite,c468799309d044732b9d9380b8a91101,56180,
TN_Ingot_Celestite,4a88c13655956498892584827b11e1e4,10192,
TN_Ingot_Coal,4a88c13655956498892584827b11e1e4,10192,
TN_Ingot_Coal,7667f941ef464450abcf0325d9698875,2892,
TN_Ingot_Coal,c468799309d044732b9d9380b8a91101,56180,
TN_Ingot_Cobalt,4a88c13655956498892584827b11e1e4,10192,
TN_Ingot_Copper,4a88c13655956498892584827b11e1e4,10192,
TN_Ingot_Copper,4c17fb1c617e246dfb8ff2d8c91e594a,2884,
TN_Ingot_Copper,c468799309d044732b9d9380b8a91101,56180,
TN_Ingot_Diamond,04a204bbffde34ecbb0fe7aface38003,2908,
TN_Ingot_Diamond,4a88c13655956498892584827b11e1e4,10192,
TN_Ingot_Diamond,c468799309d044732b9d9380b8a91101,56180,
TN_Ingot_Dunite,31c6701999c214665b17655f8ef836c1,2916,
TN_Ingot_Dunite,4a88c13655956498892584827b11e1e4,10192,
TN_Ingot_Dunite,c468799309d044732b9d9380b8a91101,56180,
TN_Ingot_Emerald,4a88c13655956498892584827b11e1e4,10192,
TN_Ingot_Emerald,c468799309d044732b9d9380b8a91101,56180,
TN_Ingot_Emerald,f1df4984cbc8242b782974c09733bd11,2916,
TN_Ingot_Gold,1fa6b0c6a24564988becb6b962004f99,2984,
TN_Ingot_Gold,4a88c13655956498892584827b11e1e4,10192,
TN_Ingot_Gold,c468799309d044732b9d9380b8a91101,56180,
TN_Ingot_Granite,07f2f520f5e4346998ae9aa38f0f8b1c,2960,
TN_Ingot_Granite,4a88c13655956498892584827b11e1e4,10192,
TN_Ingot_Granite,c468799309d044732b9d9380b8a91101,56180,
TN_Ingot_Ice,4a88c13655956498892584827b11e1e4,10192,
TN_Ingot_Ice,b0d7afc5653694d1da3bebe8ffc37d37,2936,
TN_Ingot_Ice,c468799309d044732b9d9380b8a91101,56180,
TN_Ingot_Iron,247efb1c7d7804d63a67de6aec539ff1,2952,
TN_Ingot_Iron,4a88c13655956498892584827b11e1e4,10192,
TN_Ingot_Iron,c468799309d044732b9d9380b8a91101,56180,
TN_Ingot_LapisLazuli,4a88c13655956498892584827b11e1e4,10192,
TN_Ingot_LapisLazuli,c468799309d044732b9d9380b8a91101,56180,
TN_Ingot_LapisLazuli,fb8605f290d754efebc94263338d9ac6,2904,
TN_Ingot_LimeStone,4a88c13655956498892584827b11e1e4,10192,
TN_Ingot_LimeStone,553e225e0971f40f9b76127811580c41,2900,
TN_Ingot_Limestone,c468799309d044732b9d9380b8a91101,56180,
TN_Ingot_Malachite,4a88c13655956498892584827b11e1e4,10192,
TN_Ingot_Manganese,4a88c13655956498892584827b11e1e4,10192,
TN_Ingot_Manganese,6c98a4147389a4e94b42b3958bbd48b8,2944,
TN_Ingot_Manganese,c468799309d044732b9d9380b8a91101,56180,
TN_Ingot_Obsidian,4a88c13655956498892584827b11e1e4,10192,
TN_Ingot_Obsidian,c468799309d044732b9d9380b8a91101,56180,
TN_Ingot_Obsidian,d50654bf1614642d1944f7378efe8ddc,2956,
TN_Ingot_Opal,0c8d1b62e1b1b4c4482d40704524518a,2884,
TN_Ingot_Opal,4a88c13655956498892584827b11e1e4,10192,
TN_Ingot_Opal,c468799309d044732b9d9380b8a91101,56180,
TN_Ingot_Quartz,2144aa950062746bfbeb9950bea6315f,2848,
TN_Ingot_Quartz,4a88c13655956498892584827b11e1e4,10192,
TN_Ingot_Quartz,c468799309d044732b9d9380b8a91101,56180,
TN_Ingot_Ruby,4a88c13655956498892584827b11e1e4,10192,
TN_Ingot_Ruby,bb1ef6f19df2549daa68d0e07b1364da,2916,
TN_Ingot_Ruby,c468799309d044732b9d9380b8a91101,56180,
TN_Ingot_SandStone,4a88c13655956498892584827b11e1e4,10192,
TN_Ingot_SandStone,8d88aaf08daee41658e4d56a5e1d89e7,2920,
TN_Ingot_Sandstone,c468799309d044732b9d9380b8a91101,56180,
TN_Ingot_Silver,051f957ce27e745049e812db128ee412,2868,
TN_Ingot_Silver,4a88c13655956498892584827b11e1e4,10192,
TN_Ingot_Silver,c468799309d044732b9d9380b8a91101,56180,
TN_Ingot_Tanzanite,4a88c13655956498892584827b11e1e4,10192,
TN_Ingot_Tanzanite,ae72ec36b9982400aa8fd9c7c69570f1,2872,
TN_Ingot_Tanzanite,c468799309d044732b9d9380b8a91101,56180,
TN_Ingot_Yooperlite,07232ae9d49ba4d1391e062332b321e9,2988,
TN_Ingot_Yooperlite,4a88c13655956498892584827b11e1e4,10192,
TN_Ingot_Yooperlite,c468799309d044732b9d9380b8a91101,56180,
TN_Ingot_Zircon,4a88c13655956498892584827b11e1e4,10192,
TN_Ingot_Zircon,c468799309d044732b9d9380b8a91101,56180,
TN_Ingot_Zircon,cff7b491b2c7647d88dfc76fdf0ea875,2868,
TN_JackHammer,59ea473f7624e490ea8b3a3942fe8ce5,31044,
TN_JackHammer,80c780ec2e4b042c4aa2fd8442b832ea,16928,
TN_JackHammer,e3ca00e83b5e64a05a3869fbbd9729f4,11260,
TN_Jem_01,64af923de673c4eeb8402cc2a9953e5e,30664,
TN_Jem_01,f2bba316097094cfd8bb3e1b14082243,30348,
TN_Jem_02,8477832d1365f49dea5d1b641e3fb834,30680,
TN_Jem_02,f2bba316097094cfd8bb3e1b14082243,30348,
TN_Jem_03,de976c97671a749af8ef959379054390,30856,
TN_Jem_03,f2bba316097094cfd8bb3e1b14082243,30348,
TN_Jem_04,4ddf3384e15bd46b4a68db2d4ce6ae23,30820,
TN_Jem_04,f2bba316097094cfd8bb3e1b14082243,30348,
TN_Jem_05,0d088a758f8a24bc5abbd8a6a91ac305,30892,
TN_Jem_05,f2bba316097094cfd8bb3e1b14082243,30348,
TN_Jem_06,aa8a76a3027284e0292faa80911fca80,31104,
TN_Jem_06,f2bba316097094cfd8bb3e1b14082243,30348,
TN_LargeHandDrill,7d1876c10efc0436aa258d3ca4463289,31196,
TN_LargeHandDrill,80c780ec2e4b042c4aa2fd8442b832ea,16928,
TN_LargeHandDrill,e3ca00e83b5e64a05a3869fbbd9729f4,11260,
TN_Man,8826778eaf6cf354c8833bff25e2c2cb,31452,
TN_Man,e3ca00e83b5e64a05a3869fbbd9729f4,11260,
TN_Money_01,f2bba316097094cfd8bb3e1b14082243,30348,
TN_Money_01,f786e331d649e401085528a23e9527f0,30632,
TN_Money_02,17f7c75733fe849239d798500b8ed1e0,30768,
TN_Money_02,f2bba316097094cfd8bb3e1b14082243,30348,
TN_Money_03,0b30fa14ac33142d98f03fb173272c10,30880,
TN_Money_03,f2bba316097094cfd8bb3e1b14082243,30348,
TN_NoAds_Badge,19d37920fa4e040bd83885e78f0d26ad,8756,
TN_NoAds_Character,d429e7bef2fa74597825617453df849d,121576,
TN_NoAds_Hand,f93488b11b7734691826218475890650,1560,
TN_Ore_Amber,24edadb15697641f7a2d3ef6ac797e50,30820,
TN_Ore_Amber,4a88c13655956498892584827b11e1e4,10192,
TN_Ore_Amber,c10e45293e1ac429a82fb313455f1e2b,11760,
TN_Ore_Amethyst,4a88c13655956498892584827b11e1e4,10192,
TN_Ore_Amethyst,58cca2b032a7b4e498bfa711bf77a5e3,30736,
TN_Ore_Amethyst,c10e45293e1ac429a82fb313455f1e2b,11760,
TN_Ore_Aquamarine,4a88c13655956498892584827b11e1e4,10192,
TN_Ore_Aquamarine,c0676a368f70d4c2690309edc0d596e8,30760,
TN_Ore_Aquamarine,c10e45293e1ac429a82fb313455f1e2b,11760,
TN_Ore_Basalt,4a88c13655956498892584827b11e1e4,10192,
TN_Ore_Basalt,b978de5895ebf46cfbb0586511c409d0,30760,
TN_Ore_Basalt,c10e45293e1ac429a82fb313455f1e2b,11760,
TN_Ore_Bismuth,4a88c13655956498892584827b11e1e4,10192,
TN_Ore_Bismuth,c10e45293e1ac429a82fb313455f1e2b,11760,
TN_Ore_Bismuth,fe86e39b6a3f649648feb091683d2f51,30792,
TN_Ore_Bronzite,4a88c13655956498892584827b11e1e4,10192,
TN_Ore_Bronzite,7ff9d2622ea024cc9bc068859cd04c8e,30712,
TN_Ore_Bronzite,c10e45293e1ac429a82fb313455f1e2b,11760,
TN_Ore_Celestite,4a88c13655956498892584827b11e1e4,10192,
TN_Ore_Celestite,c10e45293e1ac429a82fb313455f1e2b,11760,
TN_Ore_Coal,4a88c13655956498892584827b11e1e4,10192,
TN_Ore_Coal,b0a208ebd0ea249fda07046fa0d07a42,30740,
TN_Ore_Coal,c10e45293e1ac429a82fb313455f1e2b,11760,
TN_Ore_Cobalt,4a88c13655956498892584827b11e1e4,10192,
TN_Ore_Cobalt,c10e45293e1ac429a82fb313455f1e2b,11760,
TN_Ore_Copper,4a88c13655956498892584827b11e1e4,10192,
TN_Ore_Copper,c10e45293e1ac429a82fb313455f1e2b,11760,
TN_Ore_Copper,f01af0700731b4abb9cbb01fd91b66f5,30824,
TN_Ore_Diamond,4a88c13655956498892584827b11e1e4,10192,
TN_Ore_Diamond,59884a0bbd00545038c1895a35430a95,30720,
TN_Ore_Diamond,c10e45293e1ac429a82fb313455f1e2b,11760,
TN_Ore_Dunite,0753ebbe7ce724fe59eeb415e49836ed,30848,
TN_Ore_Dunite,4a88c13655956498892584827b11e1e4,10192,
TN_Ore_Dunite,c10e45293e1ac429a82fb313455f1e2b,11760,
TN_Ore_Emerald,4a88c13655956498892584827b11e1e4,10192,
TN_Ore_Emerald,8c7dd0d1758b24ec3b0ed59aa2f91845,30752,
TN_Ore_Emerald,c10e45293e1ac429a82fb313455f1e2b,11760,
TN_Ore_Gold,4a88c13655956498892584827b11e1e4,10192,
TN_Ore_Gold,c10e45293e1ac429a82fb313455f1e2b,11760,
TN_Ore_Gold,ce6bda1ac78eb4b99878e8fb6fa0595e,30796,
TN_Ore_Granite,37ed8f190d5b84e79b67f00afb2c96f7,30816,
TN_Ore_Granite,4a88c13655956498892584827b11e1e4,10192,
TN_Ore_Granite,c10e45293e1ac429a82fb313455f1e2b,11760,
TN_Ore_Ice,4a88c13655956498892584827b11e1e4,10192,
TN_Ore_Ice,976472eea57a746ed89b5b701548e161,30780,
TN_Ore_Ice,c10e45293e1ac429a82fb313455f1e2b,11760,
TN_Ore_Iron,4a88c13655956498892584827b11e1e4,10192,
TN_Ore_Iron,c10e45293e1ac429a82fb313455f1e2b,11760,
TN_Ore_Iron,ef3b3bcd69f8b4e8f9a17494da1bcedd,30824,
TN_Ore_LapisLazuli,4a88c13655956498892584827b11e1e4,10192,
TN_Ore_LapisLazuli,c10e45293e1ac429a82fb313455f1e2b,11760,
TN_Ore_LapisLazuli,fab04108dd98f4f0d92d14b1a0faa555,30940,
TN_Ore_LimeStone,4a88c13655956498892584827b11e1e4,10192,
TN_Ore_LimeStone,784ea274f04a24fc8962f930c5c2c852,30844,
TN_Ore_Limestone,c10e45293e1ac429a82fb313455f1e2b,11760,
TN_Ore_Malachite,4a88c13655956498892584827b11e1e4,10192,
TN_Ore_Malachite,c10e45293e1ac429a82fb313455f1e2b,11760,
TN_Ore_Manganese,42329f81df11c436aafd85ad3241d9d6,30768,
TN_Ore_Manganese,4a88c13655956498892584827b11e1e4,10192,
TN_Ore_Manganese,c10e45293e1ac429a82fb313455f1e2b,11760,
TN_Ore_Obsidian,4a88c13655956498892584827b11e1e4,10192,
TN_Ore_Obsidian,6c26c23ba5e2b45f689daf3756f8e872,30884,
TN_Ore_Obsidian,c10e45293e1ac429a82fb313455f1e2b,11760,
TN_Ore_Opal,26c788b11358c48629bba5ab6de49b0b,30788,
TN_Ore_Opal,4a88c13655956498892584827b11e1e4,10192,
TN_Ore_Opal,c10e45293e1ac429a82fb313455f1e2b,11760,
TN_Ore_Quartz,34ecedcb5351e418d972d6062bcb9001,30820,
TN_Ore_Quartz,4a88c13655956498892584827b11e1e4,10192,
TN_Ore_Quartz,c10e45293e1ac429a82fb313455f1e2b,11760,
TN_Ore_Ruby,4a88c13655956498892584827b11e1e4,10192,
TN_Ore_Ruby,c10e45293e1ac429a82fb313455f1e2b,11760,
TN_Ore_Ruby,d603d2e939fb2459d9c7c5968e263174,30780,
TN_Ore_SandStone,4a88c13655956498892584827b11e1e4,10192,
TN_Ore_SandStone,ae18a7b640a3f48ac9a594a5f67d3478,30780,
TN_Ore_Sandstone,c10e45293e1ac429a82fb313455f1e2b,11760,
TN_Ore_Silver,4a88c13655956498892584827b11e1e4,10192,
TN_Ore_Silver,9e589d4091fc6476dae3cd3ffde0e79a,30832,
TN_Ore_Silver,c10e45293e1ac429a82fb313455f1e2b,11760,
TN_Ore_Tanzanite,4a88c13655956498892584827b11e1e4,10192,
TN_Ore_Tanzanite,6c566ba3f7db2446785461928fdd5b4f,30768,
TN_Ore_Tanzanite,c10e45293e1ac429a82fb313455f1e2b,11760,
TN_Ore_Yooperlite,4a88c13655956498892584827b11e1e4,10192,
TN_Ore_Yooperlite,c10e45293e1ac429a82fb313455f1e2b,11760,
TN_Ore_Yooperlite,fb694e76efb5148cf8f6f6f0503dc284,30788,
TN_Ore_Zircon,4a88c13655956498892584827b11e1e4,10192,
TN_Ore_Zircon,8a714dd961e704163b4622e9c4dd7bf7,30816,
TN_Ore_Zircon,c10e45293e1ac429a82fb313455f1e2b,11760,
TN_Pickax,3d31198d1619a48938bfc9e0825a494c,31816,
TN_Pickax,80c780ec2e4b042c4aa2fd8442b832ea,16928,
TN_Pickax,e3ca00e83b5e64a05a3869fbbd9729f4,11260,
TN_Pizza,32bc0c5d50a784539a971b71b4e2a49c,21956,
TN_Pizza,8fbb321fe74c2417b8872cf3af729a7d,12176,
TN_Pizza,a6baad51b300f4454a58e83f1f9e42a2,123368,
TN_Player,7f9e28d2343dc4709bd38d24d7e4bdad,121408,
TN_Player_Small,5c3d3dba6b3d841a7b17e7bcd3e203a5,8728,
TN_RollerCrusher,1d1bc50e68f7942478198883805572e7,31144,
TN_RollerCrusher,80c780ec2e4b042c4aa2fd8442b832ea,16928,
TN_RollerCrusher,e3ca00e83b5e64a05a3869fbbd9729f4,11260,
TN_RollerCrusher_Africa,80c780ec2e4b042c4aa2fd8442b832ea,16928,
TN_RollerCrusher_Africa,d4aaec0a2a6cd46d3b6806d6f5c13299,31240,
TN_RollerCrusher_Outline,613c68df17f3e4f889e346733bdbccb2,30932,
TN_RollerCrusher_SouthAmerica,65f110481866f4b23b8000d68a0ee609,31256,
TN_RollerCrusher_SouthAmerica,80c780ec2e4b042c4aa2fd8442b832ea,16928,
TN_RP_01,f2bba316097094cfd8bb3e1b14082243,30348,
TN_RP_01,fac807dccc0044169ae30762d3ef0714,30660,
TN_RP_02,b982cf43c28b24a6fb65b88cf0e16b9e,30944,
TN_RP_02,f2bba316097094cfd8bb3e1b14082243,30348,
TN_RP_03,73a215fa73df94569b9683f076129358,31060,
TN_RP_03,f2bba316097094cfd8bb3e1b14082243,30348,
TN_Secre_Whole_00,303576251aa5349eebb96f9b701a1cd8,528148,
TN_Secre_Whole_00,f8b75986bba364c59b8ecf6e68f056d4,4416,
TN_Secre_Whole_01,f8b75986bba364c59b8ecf6e68f056d4,4416,
TN_Secre_Whole_01,fcd6d201c338d4ea0b9ad1b1c5f72556,530052,
TN_Secre_Whole_02,2e547cccaba104cbc893f4f01936bfd9,528844,
TN_Secre_Whole_02,f8b75986bba364c59b8ecf6e68f056d4,4416,
TN_Secre_Whole_03,e230700e176f64474a2f3e3087b0195a,528812,
TN_Secre_Whole_03,f8b75986bba364c59b8ecf6e68f056d4,4416,
TN_Secre_Whole_04,36c0f0da16b5348e59963168cf12cf7d,528492,
TN_Secre_Whole_04,f8b75986bba364c59b8ecf6e68f056d4,4416,
TN_Secre_Whole_05,75079bc329aef4a6295ced64d15fa903,529440,
TN_Secre_Whole_05,f8b75986bba364c59b8ecf6e68f056d4,4416,
TN_Secre_Whole_06,176bb83284cee4da1ad72f464448e7f1,528728,
TN_Secre_Whole_06,f8b75986bba364c59b8ecf6e68f056d4,4416,
TN_Secre_Whole_07,1c9b02be99d984691b74070498f219b2,528440,
TN_Secre_Whole_07,f8b75986bba364c59b8ecf6e68f056d4,4416,
TN_Secre_Whole_08,f2ce6fcb6ff7d4ee397f2b62b851aebd,529612,
TN_Secre_Whole_08,f8b75986bba364c59b8ecf6e68f056d4,4416,
TN_Secre_Whole_09,baa45f1dcd32a4aa3949dede32f58034,529364,
TN_Secre_Whole_09,f8b75986bba364c59b8ecf6e68f056d4,4416,
TN_Secre_Whole_10,eaabc44bccfde42ee88318ad07bfccdb,530056,
TN_Secre_Whole_11,7c7d0536ec7984fbc9a258560bebc1c0,529744,
TN_Secre_Whole_12,85b1508374d3e4c7395fb42007b4746e,530824,
TN_Secre_Whole_13,62d2412cf27c0470789ac5e47730e5d1,528968,
TN_Secre_Whole_14,a0d68196d41ec4bdd9ec770b2e19eb70,528696,
TN_Skin_Amber,c10e45293e1ac429a82fb313455f1e2b,11760,
TN_Skin_Amber,db1dcd04b0e634ca0b0b065387491347,2868,
TN_Skin_Amethyst,14a232d156d414ee29f045adc3cf5ccc,2944,
TN_Skin_Amethyst,c10e45293e1ac429a82fb313455f1e2b,11760,
TN_Skin_AquaMarine,aaf0ca876648c4b33bcf94b48e004cb5,2896,
TN_Skin_Aquamarine,c10e45293e1ac429a82fb313455f1e2b,11760,
TN_Skin_Basalt,2e744e76806aa419ebed8ddc14b55597,2868,
TN_Skin_Basalt,c10e45293e1ac429a82fb313455f1e2b,11760,
TN_Skin_Bismuth,425967ec2b4bb4780aaefca9e7cdc9ff,2960,
TN_Skin_Bismuth,c10e45293e1ac429a82fb313455f1e2b,11760,
TN_Skin_Bronzite,c10e45293e1ac429a82fb313455f1e2b,11760,
TN_Skin_Bronzite,e914a3c9e43bd4934971c629fcd9f775,2876,
TN_Skin_Celestite,c10e45293e1ac429a82fb313455f1e2b,11760,
TN_Skin_Coal,94c02e7ea41d14c45928c48fb1af241d,2864,
TN_Skin_Coal,c10e45293e1ac429a82fb313455f1e2b,11760,
TN_Skin_Cobalt,c10e45293e1ac429a82fb313455f1e2b,11760,
TN_Skin_Copper,7605e7b244a224507893f03ec6250b66,2928,
TN_Skin_Copper,c10e45293e1ac429a82fb313455f1e2b,11760,
TN_Skin_Diamond,ba97ddb2d86664ad7899cef603451761,2908,
TN_Skin_Diamond,c10e45293e1ac429a82fb313455f1e2b,11760,
TN_Skin_Dunite,c10e45293e1ac429a82fb313455f1e2b,11760,
TN_Skin_Dunite,f84c4f1190bdd4b72ad867b3f2a4fc73,2916,
TN_Skin_Emerald,2902aefc37b3945e999083a125c9f61d,2884,
TN_Skin_Emerald,c10e45293e1ac429a82fb313455f1e2b,11760,
TN_Skin_Gold,c10e45293e1ac429a82fb313455f1e2b,11760,
TN_Skin_Gold,ed4ecb8fc9def4d1f92b56276b69f2eb,2864,
TN_Skin_Granite,b49225fab381848a584699e48d97b2e6,2944,
TN_Skin_Granite,c10e45293e1ac429a82fb313455f1e2b,11760,
TN_Skin_Ice,92e0f67faf7fa488d97920a9a26ba315,2924,
TN_Skin_Ice,c10e45293e1ac429a82fb313455f1e2b,11760,
TN_Skin_Iron,85cfc3eef7de04f8caee7fc726f301ae,2912,
TN_Skin_Iron,c10e45293e1ac429a82fb313455f1e2b,11760,
TN_Skin_LapisLazuli,bb180c573802343ea8e345035c463a49,2856,
TN_Skin_LapisLazuli,c10e45293e1ac429a82fb313455f1e2b,11760,
TN_Skin_Limestone,60318c2f36aca49819d976d2d4242b9f,2880,
TN_Skin_Limestone,c10e45293e1ac429a82fb313455f1e2b,11760,
TN_Skin_Malachite,c10e45293e1ac429a82fb313455f1e2b,11760,
TN_Skin_Manganese,9f4b9986c25f04c97a1f8c57c23dca9d,2928,
TN_Skin_Manganese,c10e45293e1ac429a82fb313455f1e2b,11760,
TN_Skin_Obsidian,1a3b602af450747d5925d5fc4d4a9de2,2944,
TN_Skin_Obsidian,c10e45293e1ac429a82fb313455f1e2b,11760,
TN_Skin_Opal,46b415cde20634269a568837cb91e66e,2904,
TN_Skin_Opal,c10e45293e1ac429a82fb313455f1e2b,11760,
TN_Skin_Quartz,14f9cb165cffa47388b3230eeccaa099,2876,
TN_Skin_Quartz,c10e45293e1ac429a82fb313455f1e2b,11760,
TN_Skin_Ruby,5ab5cfbdfaf024429a4cde07cee01888,2872,
TN_Skin_Ruby,c10e45293e1ac429a82fb313455f1e2b,11760,
TN_Skin_SandStone,587999fc336d2490f804c629f4235056,2940,
TN_Skin_Sandstone,c10e45293e1ac429a82fb313455f1e2b,11760,
TN_Skin_Silver,bd8ad13927c964dd79890a537ff99a55,2908,
TN_Skin_Silver,c10e45293e1ac429a82fb313455f1e2b,11760,
TN_Skin_Special_Mystery,638d83d95986346409ffa0bd4bbb647c,2884,
TN_Skin_Tanzanite,b6ba16cf53b47477e843aef5976a0fdb,2880,
TN_Skin_Tanzanite,c10e45293e1ac429a82fb313455f1e2b,11760,
TN_Skin_Yooperlite,c10e45293e1ac429a82fb313455f1e2b,11760,
TN_Skin_Yooperlite,eb0b51cc15b4c45459c3a7e1b1e86697,2980,
TN_Skin_Zircon,c10e45293e1ac429a82fb313455f1e2b,11760,
TN_Skin_Zircon,c8ce466a18ccc4b068e63c593f1ccdf8,2928,
TN_SledgeHammer,80c780ec2e4b042c4aa2fd8442b832ea,16928,
TN_SledgeHammer,cce671f8efc164b33b0bebc7cdc7d728,30928,
TN_SledgeHammer,e3ca00e83b5e64a05a3869fbbd9729f4,11260,
TN_Smelter,45b42c37e1c7349b8abfb18dbea7adf3,121640,
TN_Smelter,8fbb321fe74c2417b8872cf3af729a7d,12176,
TN_Truck,14c1cbe4c2eda4eb191c0ed85b9aa32e,141920,
TN_Truck,8fbb321fe74c2417b8872cf3af729a7d,12176,
TN_Truck,919e5bc4084ba44ffb856181fc956e12,30924,
TN_Truck,c468799309d044732b9d9380b8a91101,56180,
TN_Truck,e3ca00e83b5e64a05a3869fbbd9729f4,11260,
TN_Truck_Big_Body,ee5dbbc43e35742a6975f48fcea727c6,309764,
TN_Truck_RV_Body,d8d8a912f2f3e4708878fc402558740d,377748,
TN_WheelBarrow,80c780ec2e4b042c4aa2fd8442b832ea,16928,
TN_WheelBarrow,cf17f30090a8f497494b8df0425ba1b2,31324,
TN_WheelBarrow,e3ca00e83b5e64a05a3869fbbd9729f4,11260,
TN_WheelLoader,39e44d594230d4a7a83a84b0422acdac,31156,
TN_WheelLoader,80c780ec2e4b042c4aa2fd8442b832ea,16928,
TN_WheelLoader,e3ca00e83b5e64a05a3869fbbd9729f4,11260,
TN_WoodCarrier,1ddcd6104782a4482a66933c08e3f428,31784,
TN_WoodCarrier,80c780ec2e4b042c4aa2fd8442b832ea,16928,
TN_WoodCarrier,e3ca00e83b5e64a05a3869fbbd9729f4,11260,
TN_Worker_01,0ac5d44c106ac4fafaa083b266506080,9008,
TN_Worker_01,4311c122a224e4cf6b88d1a7e41c60d2,120976,
TN_Worker_01_Small,0ac5d44c106ac4fafaa083b266506080,9008,
TN_Worker_01_Small,59578ec704a564b199dc8d71c62bc8b1,8708,
TN_Worker_02,0ac5d44c106ac4fafaa083b266506080,9008,
TN_Worker_02,79503277ca8e348cdb819b68d60f7574,121112,
TN_Worker_02_Small,0ac5d44c106ac4fafaa083b266506080,9008,
TN_Worker_02_Small,1f4dda987a8734fcb9b616ddb5828147,8864,
TN_Worker_03,0ac5d44c106ac4fafaa083b266506080,9008,
TN_Worker_03,7c6b4376933c8439e99ec6f201b81819,121056,
TN_Worker_03_Small,0ac5d44c106ac4fafaa083b266506080,9008,
TN_Worker_03_Small,4a3c48b809b8e4a85a1fb1adaf487392,8716,
TN_Worker_04,0ac5d44c106ac4fafaa083b266506080,9008,
TN_Worker_04,aeaa0d6117eaf4a21aa5469570a51f4e,120696,
TN_Worker_04_Small,0ac5d44c106ac4fafaa083b266506080,9008,
TN_Worker_04_Small,e32427826d3d14c9fb091c8cc13f8111,8816,
TN_Worker_05,046d3919b22354007bc5cce690a3da56,120940,
TN_Worker_05,0ac5d44c106ac4fafaa083b266506080,9008,
TN_Worker_05_Small,0ac5d44c106ac4fafaa083b266506080,9008,
TN_Worker_05_Small,7374b6059996b449389e3d1ded20f472,8740,
TN_Worker_06,0ac5d44c106ac4fafaa083b266506080,9008,
TN_Worker_06,8244a25b92a904e06ae8fab067157397,120984,
TN_Worker_06_Small,0ac5d44c106ac4fafaa083b266506080,9008,
TN_Worker_06_Small,9cba1d484a492433cb25b31c606d1e08,8796,
TN_Worker_07,0ac5d44c106ac4fafaa083b266506080,9008,
TN_Worker_07,bd43aa0193f4b4581916974a55f5ef76,120972,
TN_Worker_07_Small,0ac5d44c106ac4fafaa083b266506080,9008,
TN_Worker_07_Small,ec37f69fc068948388e3fae7b163b1e2,8768,
TN_Worker_08,0ac5d44c106ac4fafaa083b266506080,9008,
TN_Worker_08,e879da4cd820340aebc6671c18b0d820,121160,
TN_Worker_08_Small,0ac5d44c106ac4fafaa083b266506080,9008,
TN_Worker_08_Small,3b9314d29baae444c8ce22caa5cf6172,8756,
TN_Worker_09,0ac5d44c106ac4fafaa083b266506080,9008,
TN_Worker_09,c0d67e19467274221bfbc58488baaad3,121040,
TN_Worker_09_Small,0ac5d44c106ac4fafaa083b266506080,9008,
TN_Worker_09_Small,d0d65e8c6c6f84bd183a4490973fb195,8716,
TN_Worker_10,0ac5d44c106ac4fafaa083b266506080,9008,
TN_Worker_10,4194a5ce346cf4615a51355653a549da,121132,
TN_Worker_10_Small,09906d567dad448aea3e3edc3238114d,8724,
TN_Worker_10_Small,0ac5d44c106ac4fafaa083b266506080,9008,
TN_Worker_11,0ac5d44c106ac4fafaa083b266506080,9008,
TN_Worker_11,3e20044b2dc0f49258f650a82a556cee,120852,
TN_Worker_11_Small,0ac5d44c106ac4fafaa083b266506080,9008,
TN_Worker_11_Small,253660920b6c142f6ac6a2ae7a00e849,8784,
TN_Worker_Silhouette,56b9300794d1042328073f9a8d98322f,17636,
TN_Worker_Silhouette,81bd39bba170f449794354d3bf6a9a90,2912,
WheelLoader,21e654c0fc0234c97967f454b89b0ab7,139596,
WheelLoader,3e1f81d32f20e4dacb67a3c9535a23cb,2740,
WheelLoader,7a171612d947347879795ab4377af40e,974864,
WheelLoader,80c780ec2e4b042c4aa2fd8442b832ea,16928,
WheelLoader,87ee20931d3844a1862f7dc520cb31eb,1621712,
WheelLoader,97f11c691d6114d799a7580b41ec8965,1613804,
WheelLoader_Body,21e654c0fc0234c97967f454b89b0ab7,139596,
WheelLoader_Body,7a171612d947347879795ab4377af40e,974864,
WheelLoader_Body,87ee20931d3844a1862f7dc520cb31eb,1621712,
WheelLoader_Body,97f11c691d6114d799a7580b41ec8965,1613804,
WheelLoader_Body,b10499cbcafdc4125a6c115c8b36f69e,306852,
WheelLoader_Body_Whole,21e654c0fc0234c97967f454b89b0ab7,139596,
WheelLoader_Body_Whole,7a171612d947347879795ab4377af40e,974864,
WheelLoader_Body_Whole,87ee20931d3844a1862f7dc520cb31eb,1621712,
WheelLoader_Body_Whole,97f11c691d6114d799a7580b41ec8965,1613804,
WheelLoader_Company,fcebec908b8894969936ccd78e2545f7,648,
WheelLoader_Company_Idle,35573932202274096ba4fcc40c7ffca6,2728,
WheelLoader_Company_Idle,fcebec908b8894969936ccd78e2545f7,648,
WheelLoader_Idle_Empty,f786c49dacdaa4b6fa05d4e86d3c1b9c,2728,
WheelLoader_Idle_Full,3e1f81d32f20e4dacb67a3c9535a23cb,2740,
WheelLoader_Idle_Full,efe98566afc704f8ca30fbab251d5065,2920,
WheelLoader_Move_Empty,2b7976fc96afd4784b242fcb9401e36a,4540,
WheelLoader_Move_Full,3e1f81d32f20e4dacb67a3c9535a23cb,2740,
WheelLoader_Move_Full,f622cd870e7534122ad28473217da2cb,4668,
WheelLoader_Parts01,21e654c0fc0234c97967f454b89b0ab7,139596,
WheelLoader_Parts01,7a171612d947347879795ab4377af40e,974864,
WheelLoader_Parts01,87ee20931d3844a1862f7dc520cb31eb,1621712,
WheelLoader_Parts01,97f11c691d6114d799a7580b41ec8965,1613804,
WheelLoader_Parts01,b10499cbcafdc4125a6c115c8b36f69e,306852,
WheelLoader_Parts02,21e654c0fc0234c97967f454b89b0ab7,139596,
WheelLoader_Parts02,7a171612d947347879795ab4377af40e,974864,
WheelLoader_Parts02,87ee20931d3844a1862f7dc520cb31eb,1621712,
WheelLoader_Parts02,97f11c691d6114d799a7580b41ec8965,1613804,
WheelLoader_Parts02,b10499cbcafdc4125a6c115c8b36f69e,306852,
WheelLoader_Parts03,21e654c0fc0234c97967f454b89b0ab7,139596,
WheelLoader_Parts03,7a171612d947347879795ab4377af40e,974864,
WheelLoader_Parts03,87ee20931d3844a1862f7dc520cb31eb,1621712,
WheelLoader_Parts03,97f11c691d6114d799a7580b41ec8965,1613804,
WheelLoader_Parts03,b10499cbcafdc4125a6c115c8b36f69e,306852,
WheelLoader_Wheel_Back_L,21e654c0fc0234c97967f454b89b0ab7,139596,
WheelLoader_Wheel_Back_L,7a171612d947347879795ab4377af40e,974864,
WheelLoader_Wheel_Back_L,87ee20931d3844a1862f7dc520cb31eb,1621712,
WheelLoader_Wheel_Back_L,97f11c691d6114d799a7580b41ec8965,1613804,
WheelLoader_Wheel_Back_L,b10499cbcafdc4125a6c115c8b36f69e,306852,
WheelLoader_Wheel_Back_R,21e654c0fc0234c97967f454b89b0ab7,139596,
WheelLoader_Wheel_Back_R,7a171612d947347879795ab4377af40e,974864,
WheelLoader_Wheel_Back_R,87ee20931d3844a1862f7dc520cb31eb,1621712,
WheelLoader_Wheel_Back_R,97f11c691d6114d799a7580b41ec8965,1613804,
WheelLoader_Wheel_Back_R,b10499cbcafdc4125a6c115c8b36f69e,306852,
WheelLoader_Wheel_Front_L,21e654c0fc0234c97967f454b89b0ab7,139596,
WheelLoader_Wheel_Front_L,7a171612d947347879795ab4377af40e,974864,
WheelLoader_Wheel_Front_L,87ee20931d3844a1862f7dc520cb31eb,1621712,
WheelLoader_Wheel_Front_L,97f11c691d6114d799a7580b41ec8965,1613804,
WheelLoader_Wheel_Front_L,b10499cbcafdc4125a6c115c8b36f69e,306852,
WheelLoader_Wheel_Front_R,21e654c0fc0234c97967f454b89b0ab7,139596,
WheelLoader_Wheel_Front_R,7a171612d947347879795ab4377af40e,974864,
WheelLoader_Wheel_Front_R,87ee20931d3844a1862f7dc520cb31eb,1621712,
WheelLoader_Wheel_Front_R,97f11c691d6114d799a7580b41ec8965,1613804,
WheelLoader_Wheel_Front_R,b10499cbcafdc4125a6c115c8b36f69e,306852,
WheelLoader_Wheel_L,8187c5747a8ef4ab088716099b1bd8bf,1047632,
WheelLoader_Wheel_L,f4f9c7ebe2dbd4114929991d86c218bd,131044,
WheelLoader_Wheel_L_02,f4f9c7ebe2dbd4114929991d86c218bd,131044,
WheelLoader_Wheel_L_03,f4f9c7ebe2dbd4114929991d86c218bd,131044,
WheelLoader_Wheel_L_04,f4f9c7ebe2dbd4114929991d86c218bd,131044,
WheelLoader_Wheel_R,8187c5747a8ef4ab088716099b1bd8bf,1047632,
WheelLoader_Wheel_R,f4f9c7ebe2dbd4114929991d86c218bd,131044,
WheelLoader_Wheel_R_02,f4f9c7ebe2dbd4114929991d86c218bd,131044,
WheelLoader_Wheel_R_03,f4f9c7ebe2dbd4114929991d86c218bd,131044,
WheelLoader_Wheel_R_04,f4f9c7ebe2dbd4114929991d86c218bd,131044,
